City_ID,City,Country,Date,Lat,Lng,Max Temp,Humidity,Cloudiness,Wind Speed
0,Korla,CN,2021-04-04 19:42:30,41.7597,86.1469,49.32,29,0,15.17
1,Walvis Bay,NA,2021-04-04 19:43:07,-22.9575,14.5053,76.37,50,5,10.78
2,Victoria,HK,2021-04-04 19:41:15,22.2855,114.1577,72.0,91,100,1.99
3,Bambous Virieux,MU,2021-04-04 19:41:13,-20.3428,57.7575,81.0,76,38,7.0
4,Cozumel,MX,2021-04-04 19:40:24,20.5083,-86.9458,82.4,47,20,20.71
5,Chokurdakh,RU,2021-04-04 19:41:16,70.6333,147.9167,-29.69,100,49,4.63
6,Coquimbo,CL,2021-04-04 19:41:32,-29.9533,-71.3436,66.2,63,75,8.05
7,Casper,US,2021-04-04 19:43:07,42.8666,-106.3131,72.0,14,1,6.91
8,Mahebourg,MU,2021-04-04 19:39:00,-20.4081,57.7,81.0,75,27,7.0
9,Albany,US,2021-04-04 19:38:52,42.6001,-73.9662,59.0,25,36,9.51
10,La Ronge,CA,2021-04-04 19:42:44,55.1001,-105.2842,37.4,81,90,13.8
11,Rikitea,PF,2021-04-04 19:41:16,-23.1203,-134.9692,77.25,68,87,17.2
12,Souillac,MU,2021-04-04 19:41:13,-20.5167,57.5167,81.0,76,15,7.0
13,Hilo,US,2021-04-04 19:41:24,19.7297,-155.09,77.0,65,20,5.75
14,Lebu,CL,2021-04-04 19:41:31,-37.6167,-73.65,60.69,69,39,11.43
15,Iqaluit,CA,2021-04-04 19:41:56,63.7506,-68.5145,10.4,79,20,5.75
16,Bilibino,RU,2021-04-04 19:43:08,68.0546,166.4372,-14.57,96,33,2.37
17,Saint-Philippe,RE,2021-04-04 19:41:10,-21.3585,55.7679,78.8,73,0,5.75
18,New Norfolk,AU,2021-04-04 19:41:44,-42.7826,147.0587,53.01,68,33,3.18
19,Hobart,AU,2021-04-04 19:38:30,-42.8794,147.3294,53.01,76,32,8.05
20,Marzuq,YE,2021-04-04 19:43:09,14.4,46.4667,71.06,25,3,4.88
21,Katangli,RU,2021-04-04 19:43:09,51.7102,143.2326,12.16,83,4,8.84
22,Vaini,TO,2021-04-04 19:41:14,-21.2,-175.2,77.0,73,20,8.05
23,Guayaramerin,BO,2021-04-04 19:43:09,-10.8368,-65.3614,86.0,66,75,4.61
24,Punta Arenas,CL,2021-04-04 19:41:13,-53.15,-70.9167,50.0,53,40,21.85
25,Gobabis,NA,2021-04-04 19:41:13,-22.45,18.9667,74.43,34,4,8.34
26,East London,ZA,2021-04-04 19:38:18,-33.0153,27.9116,66.2,63,0,5.75
27,Bac Lieu,VN,2021-04-04 19:42:12,9.285,105.7244,81.32,78,40,12.44
28,Avarua,CK,2021-04-04 19:41:15,-21.2078,-159.775,82.4,78,75,17.27
29,Khatanga,RU,2021-04-04 19:42:17,71.9667,102.5,-12.46,87,10,9.01
30,Ushuaia,AR,2021-04-04 19:38:09,-54.8,-68.3,48.2,53,40,11.5
31,Mataura,NZ,2021-04-04 19:41:12,-46.1927,168.8643,57.99,67,98,10.0
32,Kodiak,US,2021-04-04 19:41:52,57.79,-152.4072,42.8,70,1,4.61
33,Houma,US,2021-04-04 19:38:35,29.5958,-90.7195,72.0,43,1,10.36
34,Cap Malheureux,MU,2021-04-04 19:43:10,-19.9842,57.6142,81.0,76,5,7.0
35,Butaritari,KI,2021-04-04 19:42:00,3.0707,172.7902,81.81,80,100,14.88
36,Seymchan,RU,2021-04-04 19:43:10,62.8833,152.4333,-8.5,97,100,2.3
37,Meulaboh,ID,2021-04-04 19:43:11,4.1363,96.1285,76.46,88,100,2.77
38,Shelburne,CA,2021-04-04 19:43:11,44.0787,-80.2041,57.2,30,1,11.5
39,Beisfjord,NO,2021-04-04 19:43:11,68.3751,17.5988,32.0,80,40,5.75
40,Qaanaaq,GL,2021-04-04 19:41:45,77.484,-69.3632,-11.83,68,25,5.88
41,Tuatapere,NZ,2021-04-04 19:41:27,-46.1333,167.6833,57.99,67,96,10.0
42,Grindavik,IS,2021-04-04 19:42:04,63.8424,-22.4338,19.4,49,75,16.11
43,Acapulco,MX,2021-04-04 19:42:41,16.8634,-99.8901,86.0,66,1,8.05
44,Santa Isabel Do Rio Negro,BR,2021-04-04 19:43:12,-0.4139,-65.0192,83.5,80,98,3.65
45,Nikolskoye,RU,2021-04-04 19:42:09,59.7035,30.7861,41.0,75,40,8.95
46,Campos Altos,BR,2021-04-04 19:43:12,-19.6961,-46.1714,73.0,67,100,4.68
47,Port Alfred,ZA,2021-04-04 19:41:33,-33.5906,26.891,65.28,90,29,11.65
48,Hervey Bay,AU,2021-04-04 19:43:12,-25.2986,152.8535,73.0,97,100,5.99
49,Itacarambi,BR,2021-04-04 19:43:13,-15.1022,-44.0919,83.55,54,99,5.5
50,Haapiti,PF,2021-04-04 19:43:13,-17.5667,-149.8667,84.2,74,40,5.75
51,Vestmanna,FO,2021-04-04 19:43:13,62.1564,-7.1664,23.0,68,75,40.29
52,Luderitz,NA,2021-04-04 19:41:21,-26.6481,15.1594,70.72,66,0,16.6
53,Sechura,PE,2021-04-04 19:43:14,-5.5569,-80.8222,81.07,60,31,13.11
54,Barvinkove,UA,2021-04-04 19:43:14,48.9097,37.0205,38.05,93,99,4.29
55,Cedar City,US,2021-04-04 19:41:39,37.6775,-113.0619,73.4,6,1,12.66
56,Yako,BF,2021-04-04 19:43:14,12.9667,-2.2667,86.97,6,4,6.53
57,Jamestown,US,2021-04-04 19:41:16,42.097,-79.2353,54.0,35,1,17.27
58,Fairbanks,US,2021-04-04 19:42:23,64.8378,-147.7164,35.01,93,90,21.85
59,Kargasok,RU,2021-04-04 19:41:44,59.0556,80.8572,30.61,84,100,8.75
60,Ercis,TR,2021-04-04 19:43:15,39.0287,43.3586,39.2,60,40,1.99
61,Arazap,AM,2021-04-04 19:43:15,40.042,44.1472,57.2,53,45,1.14
62,Pafos,CY,2021-04-04 19:43:15,34.7667,32.4167,53.6,82,0,6.91
63,Bredasdorp,ZA,2021-04-04 19:41:47,-34.5322,20.0403,64.4,94,100,10.36
64,Rawson,AR,2021-04-04 19:41:57,-43.3002,-65.1023,87.03,24,19,21.36
65,Yellowknife,CA,2021-04-04 19:37:05,62.456,-114.3525,21.99,49,20,8.05
66,Bluff,NZ,2021-04-04 19:41:38,-46.6,168.3333,57.99,67,85,10.0
67,Praia,CV,2021-04-04 19:43:16,14.9215,-23.5087,84.2,26,0,18.41
68,Ponta Do Sol,PT,2021-04-04 19:42:11,32.6667,-17.1,61.0,62,80,4.21
69,San Quintin,MX,2021-04-04 19:43:16,30.4833,-115.95,68.09,60,5,18.05
70,Semporna,MY,2021-04-04 19:43:16,4.4818,118.6112,77.0,94,20,5.3
71,Nantucket,US,2021-04-04 19:42:31,41.2835,-70.0995,51.8,37,1,11.5
72,Kapaa,US,2021-04-04 19:41:28,22.0752,-159.319,75.2,64,90,17.27
73,Saldanha,ZA,2021-04-04 19:41:38,-33.0117,17.9442,66.2,82,0,11.5
74,Sistranda,NO,2021-04-04 19:43:17,63.7256,8.834,33.8,80,75,19.57
75,Tabas,IR,2021-04-04 19:43:17,33.5959,56.9244,61.43,22,0,4.54
76,Puerto Madero,MX,2021-04-04 19:43:17,14.7208,-92.4215,91.4,52,20,18.41
77,Olga,RU,2021-04-04 19:43:17,43.7444,135.2892,31.96,59,0,5.17
78,Dikson,RU,2021-04-04 19:41:35,73.5069,80.5464,8.69,91,100,7.99
79,Ribeira Grande,PT,2021-04-04 19:41:13,38.5167,-28.7,60.8,94,75,17.27
80,Tuktoyaktuk,CA,2021-04-04 19:41:20,69.4541,-133.0374,-4.0,84,75,18.41
81,Novikovo,RU,2021-04-04 19:43:18,51.1537,37.8879,38.93,76,10,3.58
82,Hermanus,ZA,2021-04-04 19:41:23,-34.4187,19.2345,64.99,92,94,3.0
83,Cape Town,ZA,2021-04-04 19:39:48,-33.9258,18.4232,66.99,88,75,18.41
84,Puerto Ayora,EC,2021-04-04 19:41:44,-0.7393,-90.3518,84.2,70,20,17.27
85,Namibe,AO,2021-04-04 19:41:26,-15.1961,12.1522,78.67,84,96,4.68
86,Arraial Do Cabo,BR,2021-04-04 19:41:18,-22.9661,-42.0278,82.4,69,40,14.97
87,Mayo,US,2021-04-04 19:43:18,38.8876,-76.5119,69.01,27,20,10.36
88,Los Llanos De Aridane,ES,2021-04-04 19:41:40,28.6585,-17.9182,66.2,59,75,2.95
89,Portland,US,2021-04-04 19:41:40,45.5234,-122.6762,57.0,44,90,10.36
90,Quesnel,CA,2021-04-04 19:43:19,52.9999,-122.5029,33.8,86,90,3.44
91,Busselton,AU,2021-04-04 19:41:18,-33.65,115.3333,62.01,93,0,2.26
92,Maniitsoq,GL,2021-04-04 19:42:13,65.4167,-52.9,31.84,98,100,23.4
93,Upington,ZA,2021-04-04 19:43:19,-28.4478,21.2561,77.0,41,2,6.04
94,Seoul,KR,2021-04-04 19:37:19,37.5683,126.9778,42.8,87,0,2.3
95,Alofi,NU,2021-04-04 19:41:15,-19.0595,-169.9187,77.0,94,99,5.75
96,Kailua,US,2021-04-04 19:40:46,21.4022,-157.7394,73.4,83,90,14.97
97,Semnan,IR,2021-04-04 19:43:20,35.5729,53.3971,55.56,38,0,6.13
98,Hungen,DE,2021-04-04 19:43:20,50.4737,8.8933,46.99,76,3,1.01
99,Provideniya,RU,2021-04-04 19:41:35,64.3833,-173.3,1.4,66,0,4.47
100,Verkhnevilyuysk,RU,2021-04-04 19:43:20,63.4453,120.3167,-19.21,99,100,2.93
101,Saint George,US,2021-04-04 19:42:11,37.1041,-113.5841,82.0,16,1,3.67
102,Mar Del Plata,AR,2021-04-04 19:41:31,-38.0023,-57.5575,71.6,78,40,17.27
103,Chicama,PE,2021-04-04 19:42:23,-7.8447,-79.1469,73.4,83,0,10.36
104,Maragheh,IR,2021-04-04 19:43:21,37.3917,46.2398,47.07,48,2,4.03
105,Srednekolymsk,RU,2021-04-04 19:43:21,67.45,153.6833,-13.85,99,89,6.6
106,Katsuura,JP,2021-04-04 19:43:21,35.1333,140.3,64.4,94,75,3.44
107,Talcahuano,CL,2021-04-04 19:41:16,-36.7167,-73.1167,57.2,88,90,10.36
108,Bingol,TR,2021-04-04 19:43:21,38.8847,40.4939,45.77,76,80,3.29
109,Esperance,AU,2021-04-04 19:42:16,-33.8667,121.9,60.8,88,40,5.75
110,Kavieng,PG,2021-04-04 19:41:27,-2.5744,150.7967,79.39,81,94,7.49
111,Golden,US,2021-04-04 19:40:01,39.7555,-105.2211,78.01,11,75,12.66
112,Ust-Karsk,RU,2021-04-04 19:43:22,52.7011,118.8077,28.15,85,71,3.53
113,Iracoubo,GF,2021-04-04 19:43:22,5.4802,-53.2011,79.41,83,100,9.89
114,Ola,RU,2021-04-04 19:43:22,59.5833,151.2833,13.39,71,100,7.56
115,Barrow,US,2021-04-04 19:41:51,71.2906,-156.7887,-7.6,77,1,14.97
116,Liverpool,GB,2021-04-04 19:42:45,53.4106,-2.9779,53.6,71,75,18.41
117,Pecos,US,2021-04-04 19:39:11,31.4229,-103.4932,66.2,59,90,16.11
118,Husavik,IS,2021-04-04 19:43:23,66.0449,-17.3389,15.8,79,90,19.57
119,Chuy,UY,2021-04-04 19:41:22,-33.6971,-53.4616,72.54,75,24,12.21
120,Yulara,AU,2021-04-04 19:43:23,-25.2406,130.9889,64.4,45,0,6.91
121,Kankon,IN,2021-04-04 19:43:23,15.0167,74.0167,77.45,79,6,9.28
122,Baykit,RU,2021-04-04 19:41:19,61.67,96.37,19.8,96,100,3.29
123,Gwadar,PK,2021-04-04 19:43:24,25.1216,62.3254,80.08,74,0,8.34
124,Nishihara,JP,2021-04-04 19:43:24,26.1842,127.7558,64.4,68,75,20.71
125,Helong,CN,2021-04-04 19:43:24,42.5397,128.9972,32.61,45,0,5.19
126,Praia Da Vitoria,PT,2021-04-04 19:43:25,38.7333,-27.0667,60.01,94,40,9.89
127,Maun,BW,2021-04-04 19:43:25,-19.9833,23.4167,71.6,68,0,3.44
128,Mocuba,MZ,2021-04-04 19:43:25,-16.8392,36.9856,68.95,95,1,0.98
129,Paamiut,GL,2021-04-04 19:43:25,61.994,-49.6678,37.87,76,88,23.69
130,Lagoa,PT,2021-04-04 19:41:44,39.05,-27.9833,60.01,82,100,17.58
131,Desna,UA,2021-04-04 19:43:26,50.9273,30.7605,39.99,100,39,2.24
132,Haines Junction,CA,2021-04-04 19:43:26,60.7522,-137.5108,33.8,44,100,2.3
133,Udachnyy,RU,2021-04-04 19:43:26,66.4167,112.4,-19.14,99,99,4.9
134,Namatanai,PG,2021-04-04 19:41:14,-3.6667,152.4333,78.28,84,85,4.61
135,Port Elizabeth,ZA,2021-04-04 19:39:05,-33.918,25.5701,66.2,82,75,19.57
136,Itambe,BR,2021-04-04 19:43:27,-15.245,-40.6244,74.44,93,69,4.7
137,Atuona,PF,2021-04-04 19:41:30,-9.8,-139.0333,80.62,81,43,11.36
138,San Carlos De Bariloche,AR,2021-04-04 19:41:30,-41.1456,-71.3082,77.0,13,0,18.41
139,Jahazpur,IN,2021-04-04 19:43:27,25.6167,75.2833,81.93,11,0,7.23
140,Manokwari,ID,2021-04-04 19:43:27,-0.8667,134.0833,78.85,80,100,4.36
141,Stanger,ZA,2021-04-04 19:39:02,-29.3282,31.2895,62.6,88,0,2.3
142,Stornoway,GB,2021-04-04 19:41:58,58.2093,-6.3865,35.6,87,75,21.85
143,Axim,GH,2021-04-04 19:43:28,4.8699,-2.2405,80.42,87,1,7.05
144,Evensk,RU,2021-04-04 19:43:28,61.95,159.2333,12.04,51,100,27.89
145,Hamilton,US,2021-04-04 19:41:22,39.1834,-84.5333,73.99,28,1,5.75
146,Dawson,US,2021-04-04 19:43:28,31.7735,-84.4466,73.4,18,1,5.75
147,Ewa Beach,US,2021-04-04 19:41:54,21.3156,-158.0072,75.2,64,1,10.36
148,Sao Filipe,CV,2021-04-04 19:42:11,14.8961,-24.4956,75.24,68,16,7.45
149,Port Augusta,AU,2021-04-04 19:43:29,-32.5,137.7667,64.4,94,0,9.22
150,Beloha,MG,2021-04-04 19:42:40,-25.1667,45.05,67.73,89,8,7.0
151,Biloxi,US,2021-04-04 19:40:59,30.396,-88.8853,70.0,45,1,12.66
152,Ossora,RU,2021-04-04 19:43:29,59.2353,163.0719,15.98,92,100,24.45
153,Northam,GB,2021-04-04 19:43:29,51.0333,-4.2167,45.0,90,19,7.0
154,Cockburn Town,TC,2021-04-04 19:36:37,21.4612,-71.1419,77.0,57,75,17.27
155,Tocopilla,CL,2021-04-04 19:43:30,-22.092,-70.1979,71.65,67,83,6.8
156,Paramonga,PE,2021-04-04 19:43:30,-10.6667,-77.8333,74.64,73,41,10.16
157,Hithadhoo,MV,2021-04-04 19:40:56,-0.6,73.0833,83.59,71,100,18.45
158,Igarka,RU,2021-04-04 19:43:30,67.4667,86.5833,16.57,94,100,14.52
159,Montepuez,MZ,2021-04-04 19:43:31,-13.1256,38.9997,68.65,98,46,4.07
160,Richards Bay,ZA,2021-04-04 19:43:31,-28.783,32.0377,65.66,78,0,4.34
161,Harper,LR,2021-04-04 19:42:23,4.375,-7.7169,80.02,84,68,6.96
162,Huangzhai,CN,2021-04-04 19:43:31,38.0751,112.6595,44.6,53,0,4.47
163,Wau,SS,2021-04-04 19:43:31,7.7029,27.9953,85.87,19,62,4.07
164,Castro,BR,2021-04-04 19:41:39,-24.7911,-50.0119,69.8,66,51,6.29
165,Port Hardy,CA,2021-04-04 19:40:00,50.6996,-127.4199,44.6,65,20,16.11
166,Touros,BR,2021-04-04 19:42:20,-5.1989,-35.4608,84.2,74,40,13.8
167,Bethel,US,2021-04-04 19:42:08,41.3712,-73.414,60.01,25,1,6.91
168,Ilulissat,GL,2021-04-04 19:41:56,69.2167,-51.1,21.2,68,75,13.8
169,Xuddur,SO,2021-04-04 19:43:32,4.1213,43.8894,78.33,70,53,10.8
170,Thompson,CA,2021-04-04 19:37:39,55.7435,-97.8558,39.2,30,20,5.75
171,Olafsvik,IS,2021-04-04 19:41:57,64.8945,-23.7142,19.42,53,100,17.09
172,Vestmannaeyjar,IS,2021-04-04 19:41:59,63.4427,-20.2734,21.11,50,18,26.53
173,Kaitangata,NZ,2021-04-04 19:41:12,-46.2817,169.8464,61.0,50,27,25.99
174,Faanui,PF,2021-04-04 19:41:50,-16.4833,-151.75,81.64,76,24,10.22
175,Calamar,CO,2021-04-04 19:43:32,10.2511,-74.9146,91.4,55,40,13.8
176,Tiksi,RU,2021-04-04 19:41:17,71.6872,128.8694,-19.61,100,100,4.83
177,Avera,US,2021-04-04 19:43:33,33.194,-82.5271,73.0,21,1,4.61
178,Mersing,MY,2021-04-04 19:43:33,2.4312,103.8405,77.85,88,11,4.07
179,Vila Velha,BR,2021-04-04 19:42:39,-20.3297,-40.2925,80.6,65,40,13.8
180,Jinchang,CN,2021-04-04 19:43:33,38.4953,102.1739,43.75,63,0,6.71
181,Broome,US,2021-04-04 19:43:34,42.2506,-75.833,57.99,35,20,14.97
182,Jalu,LY,2021-04-04 19:42:17,29.0331,21.5482,74.1,10,0,11.03
183,Bengkulu,ID,2021-04-04 19:41:19,-3.8004,102.2655,77.32,81,100,9.98
184,Nsanje,MW,2021-04-04 19:43:34,-16.92,35.262,71.76,78,10,4.12
185,Fort Nelson,CA,2021-04-04 19:41:37,58.8053,-122.7002,44.6,26,20,8.05
186,Severo-Kurilsk,RU,2021-04-04 19:41:15,50.6789,156.125,28.02,83,91,14.23
187,Sambava,MG,2021-04-04 19:41:38,-14.2667,50.1667,78.75,83,98,5.97
188,Tasgaon,IN,2021-04-04 19:43:35,17.0333,74.6,77.45,53,9,8.95
189,Kiunga,PG,2021-04-04 19:43:35,-6.1219,141.2906,70.84,97,86,0.98
190,Wukari,NG,2021-04-04 19:43:35,7.85,9.7833,89.08,11,95,2.55
191,Inirida,CO,2021-04-04 19:43:35,3.8653,-67.9239,79.72,93,100,2.19
192,Hearst,CA,2021-04-04 19:43:36,49.6835,-83.6665,50.0,34,97,4.61
193,Olhao,PT,2021-04-04 19:43:36,37.0286,-7.8411,62.6,88,20,13.8
194,Poum,NC,2021-04-04 19:43:36,-20.2333,164.0167,78.58,75,76,23.87
195,Buala,SB,2021-04-04 19:43:36,-8.145,159.5921,80.22,84,67,3.62
196,Raudeberg,NO,2021-04-04 19:43:37,61.9875,5.1352,30.2,86,90,25.32
197,Villa Bruzual,VE,2021-04-04 19:43:37,9.3328,-69.1208,96.82,28,100,4.7
198,Jiazi,CN,2021-04-04 19:43:37,22.8779,116.067,66.74,85,100,18.45
199,Rurrenabaque,BO,2021-04-04 19:43:37,-14.4413,-67.5278,86.0,74,75,1.43
200,Jurbarkas,LT,2021-04-04 19:43:38,55.0778,22.7664,38.34,71,14,12.95
201,Dolores,AR,2021-04-04 19:43:38,-36.3132,-57.6792,73.22,59,14,10.13
202,Catuday,PH,2021-04-04 19:43:38,16.2923,119.8062,77.34,81,2,6.93
203,Zlobin,HR,2021-04-04 19:42:34,45.2924,14.6541,46.4,39,0,3.44
204,Nogliki,RU,2021-04-04 19:43:39,51.8333,143.1667,13.3,81,4,8.86
205,Krasnoselkup,RU,2021-04-04 19:43:39,65.7,82.4667,32.86,94,100,14.72
206,Clyde River,CA,2021-04-04 19:42:22,70.4692,-68.5914,-9.4,84,1,8.05
207,Nanortalik,GL,2021-04-04 19:41:36,60.1432,-45.2371,36.46,86,13,7.47
208,Stade,DE,2021-04-04 19:43:39,53.6,9.4833,44.01,82,81,14.0
209,Mahajanga,MG,2021-04-04 19:43:39,-15.7167,46.3167,82.4,83,20,6.91
210,Marsabit,KE,2021-04-04 19:43:40,2.3284,37.9899,71.35,66,75,11.16
211,Warri,NG,2021-04-04 19:43:40,5.5167,5.75,80.76,77,100,6.44
212,Mackay,AU,2021-04-04 19:43:40,-21.15,149.2,73.4,94,90,10.36
213,Salalah,OM,2021-04-04 19:42:18,17.0151,54.0924,80.6,83,0,3.44
214,Saskylakh,RU,2021-04-04 19:41:32,71.9167,114.0833,-26.75,100,24,3.44
215,Narsaq,GL,2021-04-04 19:41:22,60.9167,-46.05,41.0,81,75,3.44
216,Padang,ID,2021-04-04 19:42:40,-0.9492,100.3543,75.2,94,90,2.3
217,Comodoro Rivadavia,AR,2021-04-04 19:42:09,-45.8667,-67.5,82.4,26,0,12.66
218,Vidalia,US,2021-04-04 19:43:41,32.2177,-82.4135,71.6,18,1,6.22
219,Saint-Joseph,RE,2021-04-04 19:41:31,-21.3667,55.6167,78.8,73,0,5.75
220,Nouadhibou,MR,2021-04-04 19:42:12,20.931,-17.0347,68.0,73,100,17.27
221,Uhlove,UA,2021-04-04 19:43:41,44.8215,33.6045,44.01,79,100,9.95
222,Sterling,US,2021-04-04 19:41:22,39.0062,-77.4286,71.6,23,20,14.97
223,Okha,RU,2021-04-04 19:43:41,53.5739,142.9478,7.83,84,4,11.1
224,Kankakee,US,2021-04-04 19:43:42,41.15,-87.8667,75.0,33,1,6.91
225,Dutse,NG,2021-04-04 19:43:42,11.7594,9.3392,82.56,12,8,8.12
226,Tornio,FI,2021-04-04 19:43:42,65.8481,24.1466,33.8,93,0,19.57
227,Acari,PE,2021-04-04 19:43:43,-15.4311,-74.6158,80.78,62,100,9.28
228,Airai,TL,2021-04-04 19:42:34,-8.9266,125.4092,60.64,94,100,4.07
229,Rio Grande,BR,2021-04-04 19:42:39,-32.035,-52.0986,80.6,57,40,18.41
230,Prainha,BR,2021-04-04 19:43:43,-1.8,-53.48,83.48,71,100,2.01
231,Karratha,AU,2021-04-04 19:42:26,-20.7377,116.8463,81.63,46,4,6.82
232,Southwick,US,2021-04-04 19:43:43,42.0548,-72.7704,60.8,30,1,17.27
233,Reo,BF,2021-04-04 19:43:44,12.3167,-2.4667,91.63,6,4,5.66
234,Alihe,CN,2021-04-04 19:42:27,50.5667,123.7167,35.15,78,100,6.31
235,Auki,SB,2021-04-04 19:43:44,-8.7676,160.7034,78.55,84,100,3.65
236,Upernavik,GL,2021-04-04 19:41:45,72.7868,-56.1549,-9.9,85,11,11.14
237,Goure,NE,2021-04-04 19:43:44,13.9835,10.2704,84.99,8,0,4.0
238,Verkh-Chebula,RU,2021-04-04 19:43:44,56.0308,87.6218,30.51,97,100,5.19
239,Pandan,PH,2021-04-04 19:43:45,14.0453,124.1694,80.29,68,97,8.52
240,Tasiilaq,GL,2021-04-04 19:41:24,65.6145,-37.6368,21.2,79,90,17.27
241,Hambantota,LK,2021-04-04 19:42:19,6.1241,81.1185,75.2,88,0,2.3
242,Banda Aceh,ID,2021-04-04 19:42:01,5.5577,95.3222,79.68,79,100,8.68
243,Petropavlovsk-Kamchatskiy,RU,2021-04-04 19:43:45,53.0452,158.6483,30.2,74,20,4.47
244,Balkanabat,TM,2021-04-04 19:43:45,39.5108,54.3671,57.78,51,0,2.17
245,Deputatskiy,RU,2021-04-04 19:41:58,69.3,139.9,-9.04,99,100,1.25
246,Abancay,PE,2021-04-04 19:43:46,-13.6339,-72.8814,67.1,67,87,5.99
247,Yatou,CN,2021-04-04 19:43:46,37.15,122.3833,42.04,53,3,6.06
248,Torbay,CA,2021-04-04 19:41:29,47.6666,-52.7314,44.01,100,90,11.5
249,Kimbe,PG,2021-04-04 19:43:46,-5.5502,150.1429,76.08,92,100,3.47
250,Daru,PG,2021-04-04 19:36:38,-9.0763,143.2092,76.5,92,80,7.4
251,Coahuayana,MX,2021-04-04 19:42:36,18.7333,-103.6833,84.2,34,40,9.22
252,Pandamatenga,BW,2021-04-04 19:43:47,-18.5278,25.627,66.7,58,8,2.44
253,Whittlesea,ZA,2021-04-04 19:43:47,-32.1759,26.8244,54.97,60,0,6.89
254,Bonthe,SL,2021-04-04 19:43:47,7.5264,-12.505,80.28,83,87,8.5
255,Luanda,AO,2021-04-04 19:40:40,-8.8368,13.2343,77.86,81,100,4.25
256,Carnarvon,AU,2021-04-04 19:42:30,-24.8667,113.6333,77.0,83,13,16.11
257,Fortuna,US,2021-04-04 19:41:49,40.5982,-124.1573,54.0,87,90,8.05
258,Pevek,RU,2021-04-04 19:41:15,69.7008,170.3133,-11.83,96,97,9.46
259,Port Blair,IN,2021-04-04 19:43:48,11.6667,92.75,79.07,80,30,2.19
260,Eureka,US,2021-04-04 19:42:22,40.8021,-124.1637,54.0,70,99,1.99
261,Ust-Koksa,RU,2021-04-04 19:43:48,50.2696,85.6108,25.2,72,3,1.61
262,Whitehorse,CA,2021-04-04 19:43:48,60.7161,-135.0538,30.2,64,75,16.11
263,Tazovskiy,RU,2021-04-04 19:43:48,67.4667,78.7,29.73,98,100,9.86
264,Chebsara,RU,2021-04-04 19:43:49,59.2002,38.8356,35.6,64,40,4.47
265,Longyearbyen,SJ,2021-04-04 19:41:36,78.2186,15.6401,26.6,59,75,27.63
266,Faya,SA,2021-04-04 19:42:19,18.3851,42.4509,68.0,45,0,5.75
267,Abu Dhabi,AE,2021-04-04 19:43:40,24.4667,54.3667,75.2,60,0,9.22
268,Port-Cartier,CA,2021-04-04 19:43:49,50.0334,-66.8654,36.0,69,90,8.05
269,Itarema,BR,2021-04-04 19:42:06,-2.9248,-39.9167,80.85,80,99,13.98
270,Suihua,CN,2021-04-04 19:43:09,46.6406,126.9969,37.8,43,15,9.48
271,Colares,PT,2021-04-04 19:43:49,38.7992,-9.4469,62.01,82,0,9.22
272,Dodge City,US,2021-04-04 19:43:50,37.7528,-100.0171,82.99,29,1,20.71
273,Chaozhou,CN,2021-04-04 19:43:50,23.6651,116.6379,66.2,88,90,8.95
274,Izhma,RU,2021-04-04 19:43:50,65.0083,53.9113,20.79,95,48,3.44
275,Geraldton,AU,2021-04-04 19:42:35,-28.7667,114.6,73.4,83,75,11.5
276,Ocampo,MX,2021-04-04 19:43:51,21.65,-101.5,80.01,50,6,9.71
277,Vidim,RU,2021-04-04 19:43:51,56.4088,103.1106,20.32,99,100,2.57
278,Sao Francisco,BR,2021-04-04 19:43:51,-15.9486,-44.8644,79.9,66,100,4.85
279,Tripoli,LY,2021-04-04 19:42:32,32.8752,13.1875,63.75,76,100,16.4
280,Maceio,BR,2021-04-04 19:43:51,-9.6658,-35.7353,80.6,83,75,12.66
281,Kovernino,RU,2021-04-04 19:43:52,57.1253,43.8142,23.22,96,14,4.52
282,Fort Myers Beach,US,2021-04-04 19:43:52,26.452,-81.9481,78.8,34,75,10.36
283,Norman Wells,CA,2021-04-04 19:41:57,65.282,-126.8329,17.6,57,75,13.8
284,Camacupa,AO,2021-04-04 19:43:52,-12.0167,17.4833,63.63,78,53,1.83
285,Trairi,BR,2021-04-04 19:42:06,-3.2778,-39.2689,79.07,88,38,10.31
286,Rajo Khanani,PK,2021-04-04 19:43:53,24.9841,68.8536,82.65,41,1,15.3
287,Aklavik,CA,2021-04-04 19:41:43,68.2191,-135.0107,3.2,72,75,11.5
288,Oussouye,SN,2021-04-04 19:43:53,12.485,-16.5469,87.8,78,0,6.91
289,Manggar,ID,2021-04-04 19:42:12,-2.8833,108.2667,79.52,82,100,4.9
290,Mount Isa,AU,2021-04-04 19:41:33,-20.7333,139.5,69.8,73,40,5.75
291,Lamar,US,2021-04-04 19:43:53,33.6668,-95.5836,69.01,63,90,8.05
292,Lengshuijiang,CN,2021-04-04 19:43:53,27.6881,111.4294,51.13,93,100,2.1
293,El Colomo,MX,2021-04-04 19:43:54,19.05,-104.25,82.4,78,20,11.5
294,Naivasha,KE,2021-04-04 19:43:54,-0.7167,36.4359,61.0,84,100,8.01
295,Havre-Saint-Pierre,CA,2021-04-04 19:43:54,50.2334,-63.5986,39.2,100,90,12.66
296,Vanimo,PG,2021-04-04 19:42:16,-2.6741,141.3028,78.15,88,94,7.18
297,Kainantu,PG,2021-04-04 19:43:55,-6.2887,145.8655,60.3,89,100,3.47
298,Esmeraldas,BR,2021-04-04 19:43:55,-19.7625,-44.3139,82.4,69,75,3.44
299,Mahibadhoo,MV,2021-04-04 19:43:55,3.7833,72.9667,83.19,75,1,13.56
300,Killam,CA,2021-04-04 19:43:55,52.7834,-111.8518,46.4,61,94,24.16
301,Ust-Nera,RU,2021-04-04 19:43:56,64.5667,143.2,-0.98,98,100,7.02
302,Lahaina,US,2021-04-04 19:43:56,20.8783,-156.6825,73.4,100,20,20.71
303,Blizhne-Pesochnoye,RU,2021-04-04 19:43:56,55.3456,42.1015,28.42,95,49,4.52
304,Waingapu,ID,2021-04-04 19:43:56,-9.6567,120.2641,77.86,79,100,15.73
305,Shirokiy,RU,2021-04-04 19:43:12,49.758,129.523,32.68,82,100,5.41
306,Carolina,PR,2021-04-04 19:43:57,18.3808,-65.9574,84.2,65,40,16.11
307,Khasan,RU,2021-04-04 19:43:57,42.4308,130.6434,38.14,54,0,4.29
308,Bandarbeyla,SO,2021-04-04 19:41:47,9.4942,50.8122,79.11,78,52,4.94
309,Kruisfontein,ZA,2021-04-04 19:41:54,-34.0033,24.7314,64.99,84,96,1.99
310,Grand Gaube,MU,2021-04-04 19:43:58,-20.0064,57.6608,81.0,76,4,7.0
311,Yeppoon,AU,2021-04-04 19:43:58,-23.1333,150.7333,73.4,83,90,8.05
312,Araouane,ML,2021-04-04 19:41:55,18.9048,-3.5265,84.85,7,20,2.24
313,Lorengau,PG,2021-04-04 19:42:01,-2.0226,147.2712,79.68,82,100,1.25
314,College,US,2021-04-04 19:42:15,64.8569,-147.8028,35.01,86,90,19.57
315,Port Shepstone,ZA,2021-04-04 19:43:58,-30.7414,30.455,67.24,80,0,5.03
316,Kenai,US,2021-04-04 19:40:58,60.5544,-151.2583,41.0,81,75,28.77
317,Fereydun Kenar,IR,2021-04-04 19:43:59,36.6864,52.5225,55.54,70,0,10.51
318,Taksimo,RU,2021-04-04 19:43:59,56.3444,114.8794,20.59,91,99,4.54
319,Casambalangan,PH,2021-04-04 19:43:59,18.3765,122.1274,76.35,84,55,7.67
320,Bubaque,GW,2021-04-04 19:41:40,11.2833,-15.8333,75.52,74,8,17.98
321,Roebourne,AU,2021-04-04 19:43:59,-20.7833,117.1333,81.57,41,3,7.65
322,Lompoc,US,2021-04-04 19:42:08,34.6391,-120.4579,63.0,55,66,12.66
323,Phayakkhaphum Phisai,TH,2021-04-04 19:44:00,15.5163,103.1937,76.93,80,100,5.5
324,Kudahuvadhoo,MV,2021-04-04 19:44:00,2.6708,72.8944,83.39,75,6,15.75
325,Alice Springs,AU,2021-04-04 19:41:46,-23.7,133.8833,57.2,77,0,4.61
326,Simitli,BG,2021-04-04 19:43:44,41.8833,23.1167,39.61,99,100,7.11
327,Havoysund,NO,2021-04-04 19:41:59,70.9963,24.6622,26.6,93,20,5.75
328,Cayenne,GF,2021-04-04 19:41:48,4.9333,-52.3333,82.4,83,90,12.66
329,Monrovia,LR,2021-04-04 19:44:01,6.3005,-10.7969,82.4,89,40,6.91
330,Manzanillo,CU,2021-04-04 19:44:01,20.3433,-77.1167,86.59,36,3,15.73
331,Mitu,CO,2021-04-04 19:44:01,1.1983,-70.1733,78.94,78,100,4.32
332,Stepnyak,KZ,2021-04-04 19:44:01,52.8339,70.7803,33.24,88,100,7.38
333,Tete,MZ,2021-04-04 19:43:01,-16.1564,33.5867,80.6,57,20,8.05
334,Abnub,EG,2021-04-04 19:42:50,27.2696,31.1511,69.8,37,0,16.11
335,Kem,RU,2021-04-04 19:44:02,64.9555,34.5793,35.58,95,100,14.92
336,Taltal,CL,2021-04-04 19:44:02,-25.4,-70.4833,68.38,70,17,4.63
337,Ixtapa,MX,2021-04-04 19:44:02,20.7,-105.2,80.6,74,1,12.66
338,Hasaki,JP,2021-04-04 19:39:04,35.7333,140.8333,64.4,100,75,5.75
339,Vila Franca Do Campo,PT,2021-04-04 19:40:58,37.7167,-25.4333,60.8,94,40,12.66
340,Bozoum,CF,2021-04-04 19:44:03,6.3193,16.3799,82.2,37,49,0.81
341,Nuuk,GL,2021-04-04 19:38:24,64.1835,-51.7216,35.01,93,100,47.0
342,Bousso,TD,2021-04-04 19:44:03,10.4795,16.7117,91.27,18,9,3.65
343,Mount Gambier,AU,2021-04-04 19:41:25,-37.8333,140.7667,57.2,72,73,9.22
344,Maitum,PH,2021-04-04 19:44:03,6.0392,124.4986,77.05,85,100,4.38
345,Naze,JP,2021-04-04 19:44:03,28.3667,129.4833,62.78,76,89,18.68
346,Santa Rosalia,MX,2021-04-04 19:41:28,27.3167,-112.2833,81.64,25,0,7.54
347,Karamakhi,RU,2021-04-04 19:44:04,42.6193,47.2602,44.6,81,0,8.95
348,Sitka,US,2021-04-04 19:41:56,57.0531,-135.33,39.2,87,90,4.61
349,Zeya,RU,2021-04-04 19:44:04,53.75,127.2667,18.25,96,100,3.24
350,Itaguai,BR,2021-04-04 19:44:04,-22.8522,-43.7753,81.0,65,20,11.5
351,Nizhniy Kuranakh,RU,2021-04-04 19:44:05,58.8353,125.4869,12.43,96,100,3.4
352,Bamnet Narong,TH,2021-04-04 19:44:05,15.4992,101.6897,74.34,83,100,1.32
353,Chapais,CA,2021-04-04 19:42:00,49.7834,-74.8492,41.0,56,90,6.91
354,Gladstone,AU,2021-04-04 19:44:05,-23.85,151.25,77.0,73,90,11.5
355,Pisco,PE,2021-04-04 19:41:29,-13.7,-76.2167,82.4,54,0,14.97
356,Esik,KZ,2021-04-04 19:44:06,43.3552,77.4525,53.6,58,90,11.18
357,Hays,US,2021-04-04 19:44:06,30.0502,-98.0336,72.0,57,98,3.0
358,Bagan,RU,2021-04-04 19:44:06,54.1001,77.6646,23.86,90,100,9.93
359,Kirkenes,NO,2021-04-04 19:44:06,69.7271,30.0458,33.8,93,75,12.66
360,Te Anau,NZ,2021-04-04 19:41:34,-45.4167,167.7167,53.62,75,93,9.01
361,Isla Vista,US,2021-04-04 19:44:07,34.4133,-119.861,73.99,63,1,8.05
362,Launceston,AU,2021-04-04 19:44:07,-41.45,147.1667,44.01,87,0,2.57
363,Nizwa,OM,2021-04-04 19:44:07,22.9333,57.5333,83.12,19,4,8.63
364,Rognan,NO,2021-04-04 19:44:07,67.0953,15.3878,30.0,94,100,6.51
365,Wilmington,US,2021-04-04 19:43:46,34.2257,-77.9447,75.2,19,1,9.22
366,Xico,MX,2021-04-04 19:44:08,19.2667,-98.9333,73.4,14,1,9.22
367,Funtua,NG,2021-04-04 19:44:08,11.5233,7.3081,79.77,12,12,9.35
368,Nyurba,RU,2021-04-04 19:44:08,63.2842,118.3319,-16.4,99,100,2.73
369,Trincomalee,LK,2021-04-04 19:44:09,8.5711,81.2335,79.61,80,89,6.62
370,Burnie,AU,2021-04-04 19:42:27,-41.0667,145.9167,53.87,81,1,8.03
371,Usogorsk,RU,2021-04-04 19:44:09,63.4106,48.6872,22.78,95,18,4.27
372,Da Lat,VN,2021-04-04 19:44:09,11.9465,108.4419,56.93,94,100,2.93
373,Bambari,CF,2021-04-04 19:44:09,5.768,20.6757,82.89,38,11,3.87
374,Prado,BR,2021-04-04 19:44:10,-17.3411,-39.2208,78.69,74,99,9.51
375,Novita,CO,2021-04-04 19:44:10,4.9551,-76.6053,84.63,81,100,2.24
376,Teahupoo,PF,2021-04-04 19:44:10,-17.8333,-149.2667,84.2,74,40,5.75
377,Birsk,RU,2021-04-04 19:44:11,55.4211,55.5428,32.09,97,100,14.16
378,Djibo,BF,2021-04-04 19:44:11,14.1022,-1.6306,88.32,6,4,8.9
379,Klaksvik,FO,2021-04-04 19:41:49,62.2266,-6.589,23.0,68,75,40.29
380,Kisangani,CD,2021-04-04 19:44:11,0.5167,25.2,74.05,83,100,3.78
381,Cidreira,BR,2021-04-04 19:41:15,-30.1811,-50.2056,73.94,74,7,17.07
382,Necochea,AR,2021-04-04 19:44:11,-38.5473,-58.7368,82.0,42,0,8.99
383,Ampanihy,MG,2021-04-04 19:44:12,-24.7,44.75,68.68,82,11,7.58
384,Pandrup,DK,2021-04-04 19:44:12,57.2215,9.6757,44.01,87,90,29.93
385,Mardin,TR,2021-04-04 19:44:12,37.3131,40.7436,46.27,65,63,3.04
386,Teguise,ES,2021-04-04 19:44:12,29.0605,-13.564,66.2,63,20,13.8
387,Lavrentiya,RU,2021-04-04 19:41:23,65.5833,-171.0,-3.96,81,41,8.19
388,Constitucion,CL,2021-04-04 19:41:15,-35.3333,-72.4167,61.83,71,16,6.71
389,Rio Gallegos,AR,2021-04-04 19:42:29,-51.6226,-69.2181,46.4,71,75,14.97
390,Thaba Nchu,ZA,2021-04-04 19:44:13,-29.2093,26.839,60.8,67,0,1.14
391,Port Lincoln,AU,2021-04-04 19:42:20,-34.7333,135.8667,61.93,83,0,12.66
392,Camacha,PT,2021-04-04 19:41:24,33.0833,-16.3333,64.4,63,20,3.44
393,Berlevag,NO,2021-04-04 19:44:13,70.8578,29.0864,34.79,97,100,8.66
394,Porbandar,IN,2021-04-04 19:44:13,21.6422,69.6093,79.48,76,0,7.85
395,Tagburos,PH,2021-04-04 19:44:14,9.8286,118.7319,77.2,80,100,1.5
396,San Luis,AR,2021-04-04 19:41:28,-33.295,-66.3356,78.89,41,98,14.03
397,Nanning,CN,2021-04-04 19:44:14,22.8167,108.3167,60.8,94,90,6.71
398,Hobyo,SO,2021-04-04 19:44:14,5.3505,48.5268,82.74,68,54,14.56
399,Hualmay,PE,2021-04-04 19:41:41,-11.0964,-77.6139,74.98,71,32,9.22
400,Dudinka,RU,2021-04-04 19:44:15,69.4058,86.1778,13.03,91,100,11.7
401,Kalmunai,LK,2021-04-04 19:44:15,7.4167,81.8167,78.67,83,84,4.99
402,Armizonskoye,RU,2021-04-04 19:44:15,55.9461,67.6736,33.01,93,100,10.02
403,Mazamari,PE,2021-04-04 19:44:15,-11.3258,-74.5308,83.64,58,74,2.46
404,Arman,RU,2021-04-04 19:44:16,59.7,150.1667,11.39,70,100,8.05
405,Ust-Maya,RU,2021-04-04 19:44:16,60.4167,134.5333,-19.26,100,93,1.32
406,Creel,MX,2021-04-04 19:44:16,27.75,-107.6333,76.32,14,3,4.79
407,Lac Du Bonnet,CA,2021-04-04 19:44:16,50.2536,-96.0612,55.99,59,100,5.01
408,Lang Son,VN,2021-04-04 19:44:17,21.8333,106.7333,64.13,91,100,4.94
409,Sabha,LY,2021-04-04 19:44:17,27.0377,14.4283,76.86,9,44,12.37
410,Komsomolskiy,UZ,2021-04-04 19:41:20,40.4272,71.7189,48.2,87,75,4.07
411,Ormond Beach,US,2021-04-04 19:41:36,29.2858,-81.0559,69.8,52,40,11.5
412,Nabire,ID,2021-04-04 19:44:17,-3.3667,135.4833,74.43,90,82,3.15
413,Shingu,JP,2021-04-04 19:42:29,33.7333,135.9833,58.01,91,100,7.43
414,Tetouan,MA,2021-04-04 19:44:18,35.5711,-5.3724,62.6,77,20,10.36
415,Shimoda,JP,2021-04-04 19:42:26,34.6667,138.95,62.01,100,75,2.3
416,Hurghada,EG,2021-04-04 19:44:18,27.2574,33.8129,69.8,18,0,4.61
417,Zhezkazgan,KZ,2021-04-04 19:41:21,47.8043,67.7144,36.36,95,100,11.74
418,Zhigansk,RU,2021-04-04 19:41:30,66.7697,123.3711,-26.32,100,64,5.08
419,Razdolnoye,RU,2021-04-04 19:44:18,43.55,131.9167,23.0,80,0,4.47
420,Wageningen,NL,2021-04-04 19:44:19,51.9667,5.6667,42.01,81,20,8.05
421,Aanekoski,FI,2021-04-04 19:44:19,62.6946,25.818,39.99,65,0,12.66
422,Cerqueira Cesar,BR,2021-04-04 19:44:19,-23.0356,-49.1661,75.81,50,100,9.17
423,Sobolevo,RU,2021-04-04 19:44:19,54.4299,31.8996,32.61,77,62,6.44
424,Mingguang,CN,2021-04-04 19:44:20,32.7802,117.9638,44.85,57,37,3.53
425,Edinburg,GB,2021-04-04 19:39:53,55.9521,-3.1965,46.4,87,75,19.57
426,Cherskiy,RU,2021-04-04 19:41:31,68.75,161.3,-15.57,99,85,2.71
427,Terrace,CA,2021-04-04 19:44:20,54.5163,-128.6035,37.4,75,75,9.22
428,Guanica,PR,2021-04-04 19:44:20,17.9716,-66.908,82.99,72,66,10.0
429,Bardejov,SK,2021-04-04 19:44:21,49.2918,21.2727,32.0,80,19,5.99
430,Vardo,NO,2021-04-04 19:41:53,70.3705,31.1107,35.51,93,100,20.78
431,Asau,RO,2021-04-04 19:44:21,46.4333,26.4,34.0,58,51,4.07
432,Erdenet,MN,2021-04-04 19:44:21,49.0333,104.0833,33.04,41,16,4.7
433,Sibolga,ID,2021-04-04 19:42:35,1.7427,98.7792,76.59,88,40,2.28
434,Inverell,AU,2021-04-04 19:44:21,-29.7833,151.1167,57.0,86,100,3.18
435,Quatre Cocos,MU,2021-04-04 19:41:32,-20.2078,57.7625,81.0,76,40,7.0
436,Ukiah,US,2021-04-04 19:44:22,39.1502,-123.2078,57.2,58,1,5.75
437,Surgut,RU,2021-04-04 19:43:00,61.25,73.4167,39.2,65,0,6.71
438,Vryburg,ZA,2021-04-04 19:44:22,-26.9566,24.7284,68.5,31,0,5.55
439,Ahipara,NZ,2021-04-04 19:42:11,-35.1667,173.1667,61.38,80,94,4.18
440,Pouembout,NC,2021-04-04 19:44:22,-21.1333,164.9,73.06,83,83,6.6
441,Leningradskiy,RU,2021-04-04 19:42:30,69.3833,178.4167,1.76,92,100,5.21
442,Tres Arroyos,AR,2021-04-04 19:44:23,-38.3739,-60.2798,78.33,40,11,13.62
443,Dinar,TR,2021-04-04 19:44:23,38.065,30.1656,50.0,81,75,9.22
444,Carmen,MX,2021-04-04 19:41:56,18.6333,-91.8333,84.2,42,40,3.44
445,Kavaratti,IN,2021-04-04 19:41:48,10.5669,72.642,82.22,70,50,13.62
446,Great Falls,US,2021-04-04 19:42:11,47.5002,-111.3008,68.0,14,1,27.63
447,Davila,PH,2021-04-04 19:44:23,18.4726,120.5763,77.79,80,6,16.22
448,Codrington,AU,2021-04-04 19:42:26,-38.2667,141.9667,58.89,60,98,7.67
449,Dire,ML,2021-04-04 19:44:24,12.2833,-10.9667,93.38,15,100,3.29
450,Rawlins,US,2021-04-04 19:44:24,41.7911,-107.2387,69.8,13,1,17.27
451,Champerico,GT,2021-04-04 19:44:24,14.3,-91.9167,91.4,55,40,6.91
452,Laguna,US,2021-04-04 19:41:46,38.421,-121.4238,64.0,51,1,4.61
453,Manaira,BR,2021-04-04 19:44:25,-7.7061,-38.1544,78.66,55,100,7.25
454,Dhidhdhoo,MV,2021-04-04 19:44:25,6.8833,73.1,83.16,69,80,12.53
455,Kihei,US,2021-04-04 19:44:25,20.785,-156.4656,73.4,94,40,18.41
456,Stykkisholmur,IS,2021-04-04 19:44:25,65.0757,-22.7297,17.71,53,100,16.64
457,Vagur,FO,2021-04-04 19:44:26,61.4732,-6.8119,25.86,68,100,43.78
458,Tiznit,MA,2021-04-04 19:44:26,29.5833,-9.5,55.62,76,0,3.98
459,Zakharovo,RU,2021-04-04 19:44:26,54.366,39.2792,34.0,60,14,5.61
460,Isangel,VU,2021-04-04 19:41:55,-19.55,169.2667,76.62,73,27,16.37
461,Otradnoye,RU,2021-04-04 19:44:26,59.7775,30.8181,41.0,75,20,6.71
462,Ambanja,MG,2021-04-04 19:44:27,-13.6833,48.45,75.79,91,22,2.57
463,Santa Maria,BR,2021-04-04 19:44:27,-29.6842,-53.8069,86.0,51,20,11.5
464,Ingleside,US,2021-04-04 19:44:27,27.8778,-97.2117,78.01,57,40,13.8
465,Georgetown,MY,2021-04-04 19:42:11,5.4112,100.3354,84.0,89,20,3.98
466,High Level,CA,2021-04-04 19:41:33,58.5169,-117.136,42.8,33,20,13.8
467,Astaneh-Ye Ashrafiyeh,IR,2021-04-04 19:44:28,37.2596,49.9444,52.97,82,5,2.46
468,Wanning,CN,2021-04-04 19:44:28,18.8003,110.3967,74.7,91,4,4.34
469,Miri,MY,2021-04-04 19:44:28,4.4148,114.0089,75.2,94,40,1.14
470,Coos Bay,US,2021-04-04 19:44:28,43.3665,-124.2179,57.99,76,90,14.97
471,Urengoy,RU,2021-04-04 19:44:29,65.9667,78.3667,32.79,94,100,12.12
472,Saint-Leu,RE,2021-04-04 19:44:29,-21.15,55.2833,78.8,73,0,5.75
473,Kaili,ID,2021-04-04 19:44:29,-3.4626,120.2147,68.02,70,100,3.58
474,Abu Samrah,SY,2021-04-04 19:44:30,35.3029,37.1841,52.34,75,1,4.99
475,Oranjemund,NA,2021-04-04 19:42:34,-28.55,16.4333,62.51,96,28,7.4
476,Inverness,GB,2021-04-04 19:41:12,57.4791,-4.224,41.0,60,56,23.02
477,Yuzhno-Kurilsk,RU,2021-04-04 19:44:30,44.0306,145.8556,31.73,84,100,7.58
478,Zima,RU,2021-04-04 19:44:30,53.9202,102.0442,28.67,99,99,2.26
479,Khor,RU,2021-04-04 19:44:30,47.8861,134.9464,33.01,53,99,6.38
480,Virginia Beach,US,2021-04-04 19:44:31,36.8529,-75.978,73.4,23,20,10.36
481,Limbang,MY,2021-04-04 19:44:31,4.75,115.0,77.0,100,75,4.61
482,Xining,CN,2021-04-04 19:42:44,36.6167,101.7667,34.34,63,0,2.15
483,Bida,NG,2021-04-04 19:44:31,9.0833,6.0167,89.87,18,9,3.13
484,Porto Nacional,BR,2021-04-04 19:42:10,-10.7081,-48.4172,89.6,66,20,4.61
485,Chardara,KZ,2021-04-04 19:44:32,41.2547,67.9692,51.57,63,19,11.95
486,Tabuk,PH,2021-04-04 19:44:32,17.4189,121.4443,72.16,87,47,3.29
487,Nome,US,2021-04-04 19:44:32,64.5011,-165.4064,-0.99,78,90,28.77
488,Zinder,NE,2021-04-04 19:44:32,13.8072,8.9881,80.87,9,0,9.44
489,Curup,ID,2021-04-04 19:41:17,-3.4667,102.5333,67.64,90,100,1.99
490,Tual,ID,2021-04-04 19:44:33,-5.6667,132.75,83.61,70,61,4.29
491,Kerema,PG,2021-04-04 19:44:33,-7.9631,145.7785,77.7,81,64,4.63
492,Tawang,IN,2021-04-04 19:44:33,27.5833,91.8667,38.17,62,89,5.01
493,Dunedin,NZ,2021-04-04 19:42:28,-45.8742,170.5036,57.99,70,22,18.19
494,Ust-Kuyga,RU,2021-04-04 19:42:18,70.0167,135.6,-14.76,98,100,5.14
495,Sokoni,TZ,2021-04-04 19:44:34,-6.4333,39.55,82.4,78,20,11.5
496,Ulagan,RU,2021-04-04 19:44:34,50.6321,87.9563,18.9,77,12,3.15
497,Aykhal,RU,2021-04-04 19:44:34,66.0,111.5,-21.82,100,100,5.41
498,Opuwo,NA,2021-04-04 19:44:35,-18.0607,13.84,74.89,43,4,4.7
499,Cody,US,2021-04-04 19:43:41,44.5263,-109.0565,72.0,10,1,13.8
500,Sortland,NO,2021-04-04 19:44:35,68.6949,15.4162,28.4,93,90,9.22
501,Dudhani,IN,2021-04-04 19:44:35,17.3667,76.3667,88.52,16,75,8.88
502,Nemuro,JP,2021-04-04 19:42:08,43.3236,145.575,32.72,83,100,17.45
503,Inongo,CD,2021-04-04 19:44:35,-1.95,18.2667,74.61,91,100,2.28
504,Egvekinot,RU,2021-04-04 19:44:36,66.3167,-179.1667,-8.09,82,39,1.9
505,Vao,NC,2021-04-04 19:41:41,-22.6667,167.4833,75.74,63,3,22.24
506,Cayambe,EC,2021-04-04 19:40:01,0.05,-78.1333,71.6,40,75,4.61
507,Teofilo Otoni,BR,2021-04-04 19:44:36,-17.8575,-41.5053,75.04,90,83,2.35
508,Terrace Bay,CA,2021-04-04 19:44:36,48.7834,-87.1,55.4,37,90,3.44
509,Bend,US,2021-04-04 19:43:34,44.0582,-121.3153,59.0,31,1,8.05
510,Puerto Del Rosario,ES,2021-04-04 19:42:29,28.5004,-13.8627,66.2,63,20,8.05
511,Tamiahua,MX,2021-04-04 19:44:37,21.2667,-97.45,78.96,45,100,12.01
512,Tessalit,ML,2021-04-04 19:44:12,20.1986,1.0114,85.64,6,0,5.48
513,La Palma,US,2021-04-04 19:44:37,33.8464,-118.0467,80.01,68,75,9.22
514,Podporozhye,RU,2021-04-04 19:44:37,60.9112,34.1706,35.94,93,100,12.1
515,Kaeo,NZ,2021-04-04 19:44:38,-35.1,173.7833,57.51,85,100,2.82
516,Mabaruma,GY,2021-04-04 19:43:06,8.2,-59.7833,74.89,97,100,1.41
517,Isabela,PH,2021-04-04 19:44:38,6.7085,121.9711,78.89,83,84,1.79
518,Ancud,CL,2021-04-04 19:41:12,-41.8697,-73.8203,70.0,55,0,9.22
519,Dawei,MM,2021-04-04 19:44:38,14.0833,98.2,74.55,89,100,5.01
520,Kilindoni,TZ,2021-04-04 19:44:39,-7.9139,39.6668,81.81,76,59,12.01
521,Tarakan,ID,2021-04-04 19:44:39,3.3,117.6333,79.79,81,93,4.9
522,Magadan,RU,2021-04-04 19:44:39,59.5667,150.8,12.54,75,100,8.41
523,Banff,CA,2021-04-04 19:44:39,51.1762,-115.5698,42.8,65,55,5.75
524,Hommelvik,NO,2021-04-04 19:44:40,63.4108,10.7942,34.0,80,75,20.71
525,Bogorodskoye,RU,2021-04-04 19:42:14,56.55,37.8833,27.97,91,44,5.35
526,Pierre,US,2021-04-04 19:41:24,44.3683,-100.351,79.0,13,1,16.11
527,Kismayo,SO,2021-04-04 19:43:01,-0.3582,42.5454,82.27,80,100,7.29
528,Makakilo City,US,2021-04-04 19:41:24,21.3469,-158.0858,75.2,64,1,10.36
529,Cumana,VE,2021-04-04 19:44:40,10.4635,-64.1775,80.22,73,54,12.91
530,Macapa,BR,2021-04-04 19:44:41,0.0389,-51.0664,93.2,70,75,9.22
531,Marawi,PH,2021-04-04 19:44:41,7.9986,124.2928,66.92,95,100,0.38
532,Ambilobe,MG,2021-04-04 19:41:22,-13.2,49.05,74.26,94,57,2.91
533,Rosarito,MX,2021-04-04 19:43:33,32.3333,-117.0333,75.0,43,75,4.61
534,Kaiyuan,CN,2021-04-04 19:44:41,23.6977,103.3037,60.17,89,100,3.56
535,Male,MV,2021-04-04 19:44:20,4.1748,73.5089,84.2,84,20,9.22
536,Port Macquarie,AU,2021-04-04 19:41:11,-31.4333,152.9167,64.4,100,40,4.74
537,Yelizovo,RU,2021-04-04 19:44:42,53.1873,158.3805,30.2,74,20,4.47
538,Xai-Xai,MZ,2021-04-04 19:44:42,-25.0519,33.6442,69.94,73,0,5.61
539,Velikiy Ustyug,RU,2021-04-04 19:44:42,60.7644,46.3106,26.29,95,20,4.43
540,Saint-Ambroise,CA,2021-04-04 19:44:43,48.5501,-71.3324,51.01,29,100,11.5
541,Katherine,AU,2021-04-04 19:42:29,-14.4667,132.2667,68.0,83,40,3.44
542,Omboue,GA,2021-04-04 19:42:23,-1.5746,9.2618,78.98,88,100,8.25
543,Flin Flon,CA,2021-04-04 19:42:10,54.7682,-101.865,42.8,39,90,9.22
544,Yendi,GH,2021-04-04 19:43:08,9.4427,-0.0099,95.09,24,11,2.15
545,Dzhebariki-Khaya,RU,2021-04-04 19:44:43,62.2167,135.8,-27.31,99,54,1.54
546,San Patricio,US,2021-04-04 19:42:32,28.017,-97.5169,78.01,57,40,13.8
547,Utena,LT,2021-04-04 19:44:43,55.5,25.6,34.54,79,40,10.98
548,Matamoros,MX,2021-04-04 19:44:44,25.5333,-103.25,80.6,34,1,6.93
549,Svetlaya,RU,2021-04-04 19:44:44,46.5389,138.3297,31.8,60,0,5.64
550,Qandala,SO,2021-04-04 19:41:48,11.472,49.8728,79.27,55,16,2.66
551,Priyutnoye,RU,2021-04-04 19:44:44,46.1011,43.5072,53.06,81,100,14.9
552,Bilma,NE,2021-04-04 19:44:45,18.6853,12.9164,79.02,8,0,7.74
553,Bonavista,CA,2021-04-04 19:44:45,48.6499,-53.1147,42.8,87,100,3.44
554,Cabo San Lucas,MX,2021-04-04 19:39:35,22.8909,-109.9124,91.4,18,1,14.97
555,Sebezh,RU,2021-04-04 19:44:45,56.2955,28.4654,35.55,79,91,10.16
556,Valparaiso,CL,2021-04-04 19:44:45,-33.0393,-71.6273,60.8,100,90,6.91
557,Rossland,CA,2021-04-04 19:44:46,49.0831,-117.8022,37.99,72,100,4.59
558,Bambanglipuro,ID,2021-04-04 19:44:46,-7.95,110.2833,75.88,90,100,4.29
559,Porto Belo,BR,2021-04-04 19:44:46,-27.1578,-48.5531,79.0,65,20,10.36
560,Vallenar,CL,2021-04-04 19:44:47,-28.5708,-70.7581,80.22,31,99,10.69
561,Mubi,NG,2021-04-04 19:44:47,10.2676,13.2644,86.13,14,58,7.83
562,Creston,US,2021-04-04 19:44:47,41.0586,-94.3614,80.6,34,1,23.02
563,Yanam,IN,2021-04-04 19:44:47,16.7333,82.2167,76.82,96,93,1.43
564,Izumo,JP,2021-04-04 19:42:05,35.3667,132.7667,48.2,81,75,14.97
565,Touba,CI,2021-04-04 19:44:48,8.2833,-7.6833,82.09,51,13,4.21
566,Kloulklubed,PW,2021-04-04 19:42:02,7.0419,134.2556,77.0,88,75,6.53
567,Christchurch,NZ,2021-04-04 19:44:48,-43.5333,172.6333,64.99,48,94,5.75
568,Tanout,NE,2021-04-04 19:44:48,14.9709,8.8879,79.88,8,0,10.22
569,Tamandare,BR,2021-04-04 19:44:49,-8.7597,-35.1047,80.74,76,19,9.08
570,Dalby,AU,2021-04-04 19:41:20,-27.1833,151.2667,66.0,92,100,1.99
571,Guerrero Negro,MX,2021-04-04 19:41:20,27.9769,-114.0611,70.12,56,0,16.13
572,Jhang,PK,2021-04-04 19:44:49,33.6748,72.6963,62.92,52,77,9.1
573,Rajmahal,IN,2021-04-04 19:44:49,25.05,87.8333,74.19,49,0,8.25
574,Angoche,MZ,2021-04-04 19:41:52,-16.2325,39.9086,76.5,87,11,7.52
575,Sri Aman,MY,2021-04-04 19:44:50,1.2376,111.4621,78.8,94,100,1.3
576,Clinton,US,2021-04-04 19:42:30,42.587,-82.9199,66.99,34,75,8.05
577,Takoradi,GH,2021-04-04 19:42:43,4.8845,-1.7554,80.62,86,4,7.58
578,Erzin,TR,2021-04-04 19:44:50,36.9559,36.2,61.0,79,7,2.17
579,Irbil,IQ,2021-04-04 19:44:50,36.1926,44.0106,51.8,54,0,1.14
580,Jaguey Grande,CU,2021-04-04 19:44:51,22.5269,-81.1286,80.6,34,40,16.11
581,Litovko,RU,2021-04-04 19:44:51,49.2361,135.1742,31.17,71,80,1.88
582,Turayf,SA,2021-04-04 19:43:34,31.6725,38.6637,60.8,31,0,5.99
