City_ID,City,Country,Date,Lat,Lng,Max Temp,Humidity,Cloudiness,Wind Speed,Current Description
0,Kobryn,BY,2021-04-05 04:50:33,52.2138,24.3564,32.0,86,0,8.95,clear sky
1,Hermanus,ZA,2021-04-05 04:50:33,-34.4187,19.2345,63.0,91,99,4.0,overcast clouds
2,Mananjary,MG,2021-04-05 04:50:33,-21.2167,48.3333,78.21,81,13,6.58,light rain
3,Yellowknife,CA,2021-04-05 04:47:57,62.456,-114.3525,12.2,62,75,6.91,broken clouds
4,Mwaya,TZ,2021-04-05 04:50:33,-9.55,33.95,73.72,83,84,0.31,light rain
5,Port Lincoln,AU,2021-04-05 04:50:34,-34.7333,135.8667,69.75,60,0,10.13,clear sky
6,Avarua,CK,2021-04-05 04:48:23,-21.2078,-159.775,80.6,89,75,5.75,light rain
7,Kahului,US,2021-04-05 04:50:34,20.8947,-156.47,71.6,83,40,17.27,scattered clouds
8,Busselton,AU,2021-04-05 04:50:34,-33.65,115.3333,82.0,55,2,1.99,clear sky
9,New Norfolk,AU,2021-04-05 04:50:34,-42.7826,147.0587,70.0,45,53,4.0,broken clouds
10,Rikitea,PF,2021-04-05 04:50:35,-23.1203,-134.9692,78.21,63,31,18.54,scattered clouds
11,San Vicente,AR,2021-04-05 04:50:35,-26.6167,-54.1333,64.29,81,85,3.0,overcast clouds
12,Hambantota,LK,2021-04-05 04:50:35,6.1241,81.1185,84.2,79,0,9.22,clear sky
13,Qaanaaq,GL,2021-04-05 04:50:35,77.484,-69.3632,-9.72,53,15,10.16,few clouds
14,Hilo,US,2021-04-05 04:50:36,19.7297,-155.09,71.6,83,90,10.36,heavy intensity rain
15,Porto Novo,BJ,2021-04-05 04:50:36,6.4965,2.6036,79.79,86,20,5.77,few clouds
16,Ancud,CL,2021-04-05 04:50:36,-41.8697,-73.8203,55.99,91,100,11.01,overcast clouds
17,Surt,LY,2021-04-05 04:50:36,31.2089,16.5887,70.12,25,51,8.57,broken clouds
18,Mataura,NZ,2021-04-05 04:50:37,-46.1927,168.8643,55.99,62,100,23.0,overcast clouds
19,Rio Bueno,CL,2021-04-05 04:50:37,-40.3167,-72.9667,53.6,82,0,10.36,clear sky
20,Henties Bay,NA,2021-04-05 04:50:37,-22.116,14.2845,67.48,78,32,5.61,scattered clouds
21,Saldanha,ZA,2021-04-05 04:50:37,-33.0117,17.9442,60.8,88,9,10.94,clear sky
22,Barrow,US,2021-04-05 04:50:38,71.2906,-156.7887,-2.2,65,1,10.36,clear sky
23,Itoman,JP,2021-04-05 04:50:38,26.1247,127.6694,75.2,60,20,24.16,few clouds
24,Flinders,AU,2021-04-05 04:50:38,-34.5833,150.8552,75.99,78,75,13.8,broken clouds
25,Ushuaia,AR,2021-04-05 04:50:28,-54.8,-68.3,37.4,87,40,19.57,scattered clouds
26,Punta Arenas,CL,2021-04-05 04:50:39,-53.15,-70.9167,37.4,75,0,6.91,clear sky
27,Kavieng,PG,2021-04-05 04:50:39,-2.5744,150.7967,82.35,74,86,5.01,light rain
28,Bluff,NZ,2021-04-05 04:50:39,-46.6,168.3333,55.99,62,100,23.0,overcast clouds
29,Kutum,SD,2021-04-05 04:50:39,14.2,24.6667,65.21,11,21,5.86,few clouds
30,Launceston,AU,2021-04-05 04:50:40,-41.45,147.1667,73.0,43,2,8.05,clear sky
31,Kudahuvadhoo,MV,2021-04-05 04:50:40,2.6708,72.8944,83.95,73,50,10.56,scattered clouds
32,Puerto Ayora,EC,2021-04-05 04:50:40,-0.7393,-90.3518,75.99,93,44,2.24,scattered clouds
33,Aklavik,CA,2021-04-05 04:50:40,68.2191,-135.0107,21.2,73,42,8.05,scattered clouds
34,Lompoc,US,2021-04-05 04:50:41,34.6391,-120.4579,51.8,82,100,4.61,overcast clouds
35,Cape Town,ZA,2021-04-05 04:46:24,-33.9258,18.4232,63.0,88,0,9.22,clear sky
36,Ritchie,ZA,2021-04-05 04:50:41,-29.038,24.6028,50.0,93,0,3.44,clear sky
37,Nanortalik,GL,2021-04-05 04:50:41,60.1432,-45.2371,33.89,88,78,4.76,broken clouds
38,Cherskiy,RU,2021-04-05 04:50:41,68.75,161.3,1.45,91,47,6.02,scattered clouds
39,Albany,US,2021-04-05 04:50:42,42.6001,-73.9662,45.0,49,40,12.66,scattered clouds
40,Kastamonu,TR,2021-04-05 04:50:42,41.5,33.6667,46.51,91,100,8.21,light rain
41,Cabo San Lucas,MX,2021-04-05 04:48:58,22.8909,-109.9124,71.01,79,1,12.84,clear sky
42,Riyadh,SA,2021-04-05 04:48:59,24.6877,46.7219,64.4,17,0,10.36,clear sky
43,Hobyo,SO,2021-04-05 04:50:42,5.3505,48.5268,84.13,63,48,7.58,scattered clouds
44,Vaini,TO,2021-04-05 04:50:43,-21.2,-175.2,78.8,78,40,6.91,scattered clouds
45,Victor Harbor,AU,2021-04-05 04:50:43,-35.5667,138.6167,66.0,68,7,1.99,clear sky
46,Atuona,PF,2021-04-05 04:50:43,-9.8,-139.0333,80.13,80,77,11.52,broken clouds
47,Port Alfred,ZA,2021-04-05 04:50:43,-33.5906,26.891,67.24,87,100,10.0,light rain
48,Yulara,AU,2021-04-05 04:50:44,-25.2406,130.9889,86.0,19,2,11.5,clear sky
49,Ponta Do Sol,PT,2021-04-05 04:50:44,32.6667,-17.1,57.0,65,97,1.99,overcast clouds
50,Dikson,RU,2021-04-05 04:50:44,73.5069,80.5464,12.24,89,100,7.43,overcast clouds
51,North Platte,US,2021-04-05 04:50:44,41.1239,-100.7654,63.0,54,1,10.51,clear sky
52,Coquimbo,CL,2021-04-05 04:50:45,-29.9533,-71.3436,59.0,72,0,4.61,clear sky
53,Camacha,PT,2021-04-05 04:50:45,33.0833,-16.3333,59.0,77,40,3.44,scattered clouds
54,Butaritari,KI,2021-04-05 04:50:45,3.0707,172.7902,82.33,79,81,12.82,light rain
55,Saint-Francois,FR,2021-04-05 04:50:45,46.4154,3.9054,34.0,90,4,3.78,clear sky
56,Takoradi,GH,2021-04-05 04:50:46,4.8845,-1.7554,78.96,90,42,8.05,scattered clouds
57,Ballina,AU,2021-04-05 04:50:46,-28.8667,153.5667,71.6,94,90,10.36,overcast clouds
58,Klaksvik,FO,2021-04-05 04:50:46,62.2266,-6.589,28.4,74,75,47.18,light snow
59,San Patricio,US,2021-04-05 04:50:46,28.017,-97.5169,66.0,88,75,8.05,broken clouds
60,Hirado,JP,2021-04-05 04:50:47,33.3597,129.5531,62.6,45,40,20.71,scattered clouds
61,Dargaville,NZ,2021-04-05 04:50:47,-35.9333,173.8833,67.33,69,98,7.07,overcast clouds
62,Hay River,CA,2021-04-05 04:50:47,60.8156,-115.7999,15.8,67,93,3.44,overcast clouds
63,Kodiak,US,2021-04-05 04:50:47,57.79,-152.4072,39.2,41,1,21.85,clear sky
64,Agadir,MA,2021-04-05 04:50:48,30.4202,-9.5982,55.4,94,5,5.75,clear sky
65,Shakawe,BW,2021-04-05 04:50:48,-18.3667,21.85,63.5,62,1,4.43,clear sky
66,Rincon,US,2021-04-05 04:50:48,32.296,-81.2354,53.6,58,1,4.99,clear sky
67,Eureka,US,2021-04-05 04:50:49,40.8021,-124.1637,48.99,87,83,0.94,broken clouds
68,Platanos,GR,2021-04-05 04:50:49,37.6667,21.6167,51.8,100,20,1.68,few clouds
69,Verkhnyaya Inta,RU,2021-04-05 04:50:49,65.9811,60.3094,19.96,91,90,2.8,overcast clouds
70,Kaitangata,NZ,2021-04-05 04:50:49,-46.2817,169.8464,57.0,53,95,15.01,light rain
71,Souillac,MU,2021-04-05 04:50:50,-20.5167,57.5167,82.4,74,40,14.97,scattered clouds
72,Okhotsk,RU,2021-04-05 04:50:50,59.3833,143.3,25.88,86,100,5.91,light snow
73,Bambous Virieux,MU,2021-04-05 04:50:50,-20.3428,57.7575,84.99,74,40,14.97,scattered clouds
74,Eyl,SO,2021-04-05 04:50:50,7.9803,49.8164,82.54,65,88,6.06,overcast clouds
75,Bredasdorp,ZA,2021-04-05 04:50:51,-34.5322,20.0403,62.6,100,100,8.05,overcast clouds
76,Margate,GB,2021-04-05 04:50:51,51.3813,1.3862,46.99,70,83,4.0,broken clouds
77,Chumikan,RU,2021-04-05 04:50:51,54.7183,135.315,31.28,80,30,1.03,scattered clouds
78,Estreito,BR,2021-04-05 04:48:36,-5.7833,-43.25,72.14,81,78,1.01,broken clouds
79,Kashary,RU,2021-04-05 04:50:51,49.04,41.0056,41.11,73,99,5.77,overcast clouds
80,Lazaro Cardenas,MX,2021-04-05 04:50:52,17.9583,-102.2,75.25,71,34,1.74,scattered clouds
81,Tuktoyaktuk,CA,2021-04-05 04:50:52,69.4541,-133.0374,12.2,92,75,9.22,light snow
82,Luderitz,NA,2021-04-05 04:50:52,-26.6481,15.1594,68.23,66,37,14.2,scattered clouds
83,Deputatskiy,RU,2021-04-05 04:50:53,69.3,139.9,1.69,86,100,3.8,overcast clouds
84,Georgetown,MY,2021-04-05 04:50:53,5.4112,100.3354,89.01,70,40,5.75,scattered clouds
85,Sedhiou,SN,2021-04-05 04:50:53,12.7081,-15.5569,72.32,60,100,4.05,overcast clouds
86,Verkhnevilyuysk,RU,2021-04-05 04:50:53,63.4453,120.3167,4.53,76,100,7.81,overcast clouds
87,Diamantina,BR,2021-04-05 04:50:54,-18.2494,-43.6003,59.32,96,63,4.97,broken clouds
88,Comodoro Rivadavia,AR,2021-04-05 04:50:54,-45.8667,-67.5,57.2,77,0,6.91,clear sky
89,Snasa,NO,2021-04-05 04:50:54,64.2457,12.3778,29.71,79,87,10.51,snow
90,Puerto Escondido,MX,2021-04-05 04:47:53,15.85,-97.0667,78.13,76,35,5.14,scattered clouds
91,Hobart,AU,2021-04-05 04:49:05,-42.8794,147.3294,70.0,43,20,8.05,few clouds
92,Sompeta,IN,2021-04-05 04:50:55,18.9333,84.6,87.1,61,2,8.05,clear sky
93,Along,IN,2021-04-05 04:50:55,28.1667,94.7667,89.42,20,73,1.52,broken clouds
94,Pevek,RU,2021-04-05 04:50:55,69.7008,170.3133,-4.79,91,92,2.8,overcast clouds
95,Gao,ML,2021-04-05 04:50:55,16.6362,1.637,75.99,7,4,9.37,clear sky
96,Dunmore Town,BS,2021-04-05 04:50:56,25.5,-76.65,68.88,54,100,14.34,overcast clouds
97,Hirara,JP,2021-04-05 04:50:56,24.8,125.2833,71.6,56,75,16.11,broken clouds
98,Ribeira Grande,PT,2021-04-05 04:50:56,38.5167,-28.7,60.8,82,85,16.15,overcast clouds
99,Bengkulu,ID,2021-04-05 04:49:16,-3.8004,102.2655,85.24,61,98,12.19,overcast clouds
100,Vila Velha,BR,2021-04-05 04:48:22,-20.3297,-40.2925,73.4,94,75,9.22,broken clouds
101,Touros,BR,2021-04-05 04:50:56,-5.1989,-35.4608,77.0,88,0,6.91,clear sky
102,Saint George,US,2021-04-05 04:50:57,37.1041,-113.5841,72.0,9,1,3.44,clear sky
103,Carnarvon,AU,2021-04-05 04:50:57,-24.8667,113.6333,86.0,66,67,17.27,broken clouds
104,Norfolk,US,2021-04-05 04:48:01,42.1668,-71.2495,46.99,39,43,17.27,scattered clouds
105,Sibolga,ID,2021-04-05 04:50:57,1.7427,98.7792,85.41,65,100,3.78,overcast clouds
106,Lorengau,PG,2021-04-05 04:50:57,-2.0226,147.2712,82.89,75,87,3.65,overcast clouds
107,Taitung,TW,2021-04-05 04:50:58,22.7583,121.1444,71.6,64,75,4.61,broken clouds
108,Jamestown,US,2021-04-05 04:50:41,42.097,-79.2353,39.2,60,1,4.61,clear sky
109,Sorong,ID,2021-04-05 04:47:22,-0.8833,131.25,84.65,71,55,6.42,broken clouds
110,Labuhan,ID,2021-04-05 04:50:58,-6.8844,112.2051,86.77,65,93,6.22,light rain
111,Shetpe,KZ,2021-04-05 04:50:58,44.1667,52.1167,53.29,57,10,15.97,clear sky
112,Port-Gentil,GA,2021-04-05 04:50:59,-0.7193,8.7815,81.39,81,100,8.99,overcast clouds
113,Saskylakh,RU,2021-04-05 04:50:59,71.9167,114.0833,0.73,81,3,6.46,clear sky
114,Khatanga,RU,2021-04-05 04:50:59,71.9667,102.5,4.51,74,9,18.37,clear sky
115,Tessalit,ML,2021-04-05 04:50:59,20.1986,1.0114,77.05,7,89,9.57,overcast clouds
116,Upernavik,GL,2021-04-05 04:51:00,72.7868,-56.1549,-18.15,90,62,5.75,broken clouds
117,Ahuimanu,US,2021-04-05 04:51:00,21.4447,-157.8378,75.2,73,90,14.97,overcast clouds
118,Ilulissat,GL,2021-04-05 04:51:00,69.2167,-51.1,19.4,79,75,10.36,light snow
119,Dunedin,NZ,2021-04-05 04:51:00,-45.8742,170.5036,59.0,60,79,25.01,broken clouds
120,Asau,RO,2021-04-05 04:51:01,46.4333,26.4,35.01,60,9,3.29,light snow
121,Chokurdakh,RU,2021-04-05 04:51:01,70.6333,147.9167,-6.84,85,7,4.76,clear sky
122,Naron,ES,2021-04-05 04:51:01,43.5167,-8.1528,41.0,100,0,1.14,clear sky
123,Troitsko-Pechorsk,RU,2021-04-05 04:51:01,62.7084,56.1964,31.26,84,49,1.83,scattered clouds
124,Bethel,US,2021-04-05 04:51:02,41.3712,-73.414,51.8,37,1,6.91,clear sky
125,Rawson,AR,2021-04-05 04:51:02,-43.3002,-65.1023,72.14,45,61,5.1,broken clouds
126,Anloga,GH,2021-04-05 04:51:02,5.7947,0.8973,82.4,83,40,11.5,scattered clouds
127,Severo-Kurilsk,RU,2021-04-05 04:51:02,50.6789,156.125,30.07,77,100,11.68,overcast clouds
128,Iqaluit,CA,2021-04-05 04:47:18,63.7506,-68.5145,12.2,79,90,14.97,snow
129,Tarauaca,BR,2021-04-05 04:49:18,-8.1614,-70.7656,71.87,99,74,0.85,broken clouds
130,Hithadhoo,MV,2021-04-05 04:51:03,-0.6,73.0833,83.44,74,57,15.37,broken clouds
131,Bayir,TR,2021-04-05 04:51:03,37.2687,28.2167,62.6,63,75,9.22,broken clouds
132,Moose Factory,CA,2021-04-05 04:51:03,51.2585,-80.6094,24.8,93,1,3.44,clear sky
133,Sabang,ID,2021-04-05 04:51:03,5.8933,95.3214,83.1,71,99,12.21,overcast clouds
134,Constitucion,CL,2021-04-05 04:51:04,-35.3333,-72.4167,56.55,88,98,7.36,overcast clouds
135,Sola,VU,2021-04-05 04:51:04,-13.8833,167.55,80.51,77,97,11.9,overcast clouds
136,East London,ZA,2021-04-05 04:51:04,-33.0153,27.9116,62.6,82,0,6.91,clear sky
137,Tabou,CI,2021-04-05 04:51:04,4.423,-7.3528,78.75,87,58,6.8,broken clouds
138,Chapada Dos Guimaraes,BR,2021-04-05 04:51:05,-15.4606,-55.7497,73.4,94,75,1.14,broken clouds
139,Kapaa,US,2021-04-05 04:51:05,22.0752,-159.319,75.2,60,90,18.41,overcast clouds
140,Tabas,IR,2021-04-05 04:51:05,33.5959,56.9244,65.75,16,0,2.01,clear sky
141,Tres Passos,BR,2021-04-05 04:51:05,-27.4556,-53.9319,66.04,69,80,5.41,broken clouds
142,San Rafael,AR,2021-04-05 04:51:06,-34.6177,-68.3301,69.21,63,77,7.27,broken clouds
143,Doctor Cecilio Baez,PY,2021-04-05 04:51:06,-25.05,-56.3167,68.25,92,100,3.89,overcast clouds
144,Sakhon Nakhon,TH,2021-04-05 04:51:06,17.1612,104.1472,84.2,58,0,12.66,clear sky
145,Mar Del Plata,AR,2021-04-05 04:51:07,-38.0023,-57.5575,66.99,100,90,7.09,overcast clouds
146,Staraya Mayna,RU,2021-04-05 04:51:07,54.6,48.95,33.8,80,78,4.47,broken clouds
147,Mahebourg,MU,2021-04-05 04:51:07,-20.4081,57.7,82.4,74,40,14.97,scattered clouds
148,Beloha,MG,2021-04-05 04:51:07,-25.1667,45.05,71.8,69,1,10.71,clear sky
149,Kamalpur,IN,2021-04-05 04:51:08,24.2,91.8333,84.2,45,9,4.47,haze
150,Veraval,IN,2021-04-05 04:51:08,20.9,70.3667,85.37,54,0,8.68,clear sky
151,Codo,BR,2021-04-05 04:51:08,-4.4553,-43.8856,73.33,96,94,2.64,overcast clouds
152,Nikolskoye,RU,2021-04-05 04:51:08,59.7035,30.7861,37.99,70,75,8.95,broken clouds
153,Sampit,ID,2021-04-05 04:51:09,-2.5333,112.95,95.04,40,88,4.59,overcast clouds
154,Mandalgovi,MN,2021-04-05 04:51:09,45.7625,106.2708,47.08,16,67,3.69,broken clouds
155,Tasiilaq,GL,2021-04-05 04:51:09,65.6145,-37.6368,19.4,86,90,3.44,light snow
156,Bismarck,US,2021-04-05 04:51:09,46.8083,-100.7837,52.0,35,1,10.36,clear sky
157,Castro,BR,2021-04-05 04:51:10,-24.7911,-50.0119,54.64,98,67,6.33,broken clouds
158,Barretos,BR,2021-04-05 04:50:14,-20.5572,-48.5678,69.35,70,70,8.93,broken clouds
159,Los Llanos De Aridane,ES,2021-04-05 04:51:10,28.6585,-17.9182,64.4,63,90,1.14,overcast clouds
160,Deneysville,ZA,2021-04-05 04:51:10,-26.8908,28.0971,56.79,54,0,1.23,clear sky
161,Petropavlovsk-Kamchatskiy,RU,2021-04-05 04:51:10,53.0452,158.6483,37.4,56,75,6.71,broken clouds
162,Gat,IL,2021-04-05 04:49:03,31.61,34.7642,59.0,71,0,3.44,clear sky
163,Alofi,NU,2021-04-05 04:51:11,-19.0595,-169.9187,77.0,88,100,9.22,light rain
164,Vondrozo,MG,2021-04-05 04:51:11,-22.8167,47.2833,70.92,77,7,7.23,clear sky
165,Codrington,AU,2021-04-05 04:51:11,-38.2667,141.9667,63.18,57,8,12.24,clear sky
166,Milkovo,RU,2021-04-05 04:51:12,54.7167,158.6167,34.88,68,92,7.09,overcast clouds
167,Namibe,AO,2021-04-05 04:51:12,-15.1961,12.1522,79.25,79,45,6.6,scattered clouds
168,Taoudenni,ML,2021-04-05 04:51:12,22.6783,-3.9836,77.99,9,82,8.99,broken clouds
169,Miri,MY,2021-04-05 04:51:12,4.4148,114.0089,82.4,78,40,9.22,light rain
170,Abalak,RU,2021-04-05 04:51:13,58.1286,68.5944,37.4,82,99,9.19,overcast clouds
171,Isangel,VU,2021-04-05 04:51:13,-19.55,169.2667,82.4,65,75,14.97,broken clouds
172,Crowley,US,2021-04-05 04:51:13,30.2141,-92.3746,57.0,87,13,4.25,few clouds
173,Komsomolskiy,UZ,2021-04-05 04:51:13,40.4272,71.7189,51.8,71,40,1.39,scattered clouds
174,Pangnirtung,CA,2021-04-05 04:51:14,66.1451,-65.7125,1.8,68,63,7.85,broken clouds
175,Broome,US,2021-04-05 04:51:14,42.2506,-75.833,41.0,56,1,4.61,clear sky
176,Daru,PG,2021-04-05 04:51:14,-9.0763,143.2092,81.19,83,97,4.38,overcast clouds
177,Torbay,CA,2021-04-05 04:51:14,47.6666,-52.7314,39.0,100,90,11.5,fog
178,Ati,TD,2021-04-05 04:51:15,13.2154,18.3353,76.68,15,25,10.25,scattered clouds
179,Griffith,US,2021-04-05 04:51:15,41.5284,-87.4237,64.4,55,1,6.91,clear sky
180,San Pedro,PH,2021-04-05 04:51:15,14.35,121.0167,89.6,58,20,5.75,few clouds
181,Erenhot,CN,2021-04-05 04:51:15,43.6475,111.9767,52.27,9,99,2.48,overcast clouds
182,Clyde River,CA,2021-04-05 04:51:16,70.4692,-68.5914,-14.8,76,20,3.44,few clouds
183,Solnechnyy,RU,2021-04-05 04:51:16,50.7214,136.6319,42.66,40,35,8.16,scattered clouds
184,Black River,JM,2021-04-05 04:51:16,18.0264,-77.8487,77.0,78,20,9.22,few clouds
185,Mtsamboro,YT,2021-04-05 04:51:16,-12.6998,45.0689,84.2,79,75,12.66,light rain
186,Aykino,RU,2021-04-05 04:51:17,62.2248,49.9922,29.55,85,62,5.64,broken clouds
187,Arlit,NE,2021-04-05 04:51:17,18.7369,7.3853,72.0,9,0,7.67,clear sky
188,Morristown,US,2021-04-05 04:50:14,36.214,-83.2949,51.01,57,20,1.23,few clouds
189,Aykhal,RU,2021-04-05 04:49:27,66.0,111.5,0.63,81,66,6.06,broken clouds
190,Seymchan,RU,2021-04-05 04:51:17,62.8833,152.4333,13.24,64,100,6.67,overcast clouds
191,Thinadhoo,MV,2021-04-05 04:51:17,0.5333,72.9333,83.53,74,49,13.56,scattered clouds
192,Hasaki,JP,2021-04-05 04:51:18,35.7333,140.8333,53.6,94,75,17.27,broken clouds
193,Metro,ID,2021-04-05 04:51:18,-5.1131,105.3067,86.99,64,99,4.76,overcast clouds
194,Nueva Armenia,HN,2021-04-05 04:51:18,15.7956,-86.4985,73.4,100,90,4.61,overcast clouds
195,Pochutla,MX,2021-04-05 04:51:18,15.7432,-96.4661,80.01,61,6,3.29,clear sky
196,Berlevag,NO,2021-04-05 04:51:19,70.8578,29.0864,34.92,84,100,15.66,overcast clouds
197,Port Elizabeth,ZA,2021-04-05 04:51:19,-33.918,25.5701,64.4,94,90,5.75,mist
198,Palana,RU,2021-04-05 04:51:19,59.1167,159.9667,22.73,89,99,7.34,overcast clouds
199,Altamont,US,2021-04-05 04:51:20,42.2068,-121.7372,48.2,57,1,5.75,clear sky
200,Katsuura,JP,2021-04-05 04:51:20,35.1333,140.3,57.0,94,75,13.8,mist
201,Hualmay,PE,2021-04-05 04:51:20,-11.0964,-77.6139,70.48,82,21,7.56,few clouds
202,Mukhen,RU,2021-04-05 04:51:20,48.1,136.1,50.86,33,95,9.89,overcast clouds
203,Caravelas,BR,2021-04-05 04:51:21,-17.7125,-39.2481,75.33,80,29,5.84,scattered clouds
204,Carballo,ES,2021-04-05 04:46:25,43.213,-8.691,48.0,100,0,1.14,clear sky
205,Sao Joao Da Barra,BR,2021-04-05 04:47:16,-21.6403,-41.0511,70.83,87,73,7.43,broken clouds
206,Santa Rosa,PH,2021-04-05 04:51:21,14.3122,121.1114,89.6,58,20,5.75,few clouds
207,Antofagasta,CL,2021-04-05 04:51:21,-23.65,-70.4,62.6,82,0,5.75,clear sky
208,Wildomar,US,2021-04-05 04:51:21,33.5989,-117.28,61.0,51,1,2.71,clear sky
209,Nizhniy Odes,RU,2021-04-05 04:51:22,63.6445,54.856,29.68,84,48,3.33,scattered clouds
210,Svelgen,NO,2021-04-05 04:51:22,61.7685,5.2955,33.8,69,90,33.38,light snow
211,Najran,SA,2021-04-05 04:51:22,17.4924,44.1277,64.4,27,0,6.08,dust
212,Havelock,US,2021-04-05 04:51:22,34.8791,-76.9013,57.99,68,29,1.01,scattered clouds
213,Ossora,RU,2021-04-05 04:51:23,59.2353,163.0719,22.53,84,99,10.78,overcast clouds
214,Nhulunbuy,AU,2021-04-05 04:51:23,-12.2333,136.7667,87.8,48,75,10.36,broken clouds
215,Nivala,FI,2021-04-05 04:51:23,63.9167,24.9667,32.0,94,100,7.0,light snow
216,Victoria,HK,2021-04-05 04:46:44,22.2855,114.1577,75.0,81,100,1.99,overcast clouds
217,Artyom,AZ,2021-04-05 04:51:24,40.4723,50.333,55.4,88,20,20.71,few clouds
218,Ewa Beach,US,2021-04-05 04:50:28,21.3156,-158.0072,75.2,64,20,9.22,few clouds
219,Merauke,ID,2021-04-05 04:51:24,-8.4667,140.3333,84.94,68,51,6.96,broken clouds
220,Nalut,LY,2021-04-05 04:51:24,30.3333,10.85,71.91,15,90,11.7,overcast clouds
221,Sao Filipe,CV,2021-04-05 04:51:24,14.8961,-24.4956,73.2,72,0,8.01,clear sky
222,Ternate,ID,2021-04-05 04:51:25,0.8,127.4,84.7,68,25,11.14,scattered clouds
223,Arraial Do Cabo,BR,2021-04-05 04:51:25,-22.9661,-42.0278,75.07,70,26,6.24,scattered clouds
224,Kasongo,CD,2021-04-05 04:51:25,-4.45,26.6667,66.7,98,100,2.84,light rain
225,Teixoso,PT,2021-04-05 04:51:25,40.3145,-7.4576,50.0,39,0,11.99,clear sky
226,Duluth,US,2021-04-05 04:51:08,46.7833,-92.1066,41.0,75,1,5.79,clear sky
227,Kruisfontein,ZA,2021-04-05 04:51:26,-34.0033,24.7314,64.0,94,100,1.01,light rain
228,Keti Bandar,PK,2021-04-05 04:51:26,24.1447,67.4497,85.17,58,0,15.95,clear sky
229,Zhigansk,RU,2021-04-05 04:51:26,66.7697,123.3711,-1.39,82,100,6.64,overcast clouds
230,Belaya Gora,RU,2021-04-05 04:51:27,68.5333,146.4167,10.22,81,100,8.72,overcast clouds
231,Luanda,AO,2021-04-05 04:47:21,-8.8368,13.2343,77.0,88,40,2.3,scattered clouds
232,Catalao,BR,2021-04-05 04:51:25,-18.1658,-47.9464,67.32,84,96,4.36,overcast clouds
233,Praia,CV,2021-04-05 04:51:27,14.9215,-23.5087,77.0,27,0,20.71,clear sky
234,Thompson,CA,2021-04-05 04:51:27,55.7435,-97.8558,37.4,38,90,4.61,overcast clouds
235,Toamasina,MG,2021-04-05 04:51:28,-18.1667,49.3833,77.0,83,20,4.61,few clouds
236,George,ZA,2021-04-05 04:51:28,-33.963,22.4617,62.6,100,90,5.75,light rain
237,Giubega,RO,2021-04-05 04:51:28,44.1167,23.4167,41.0,93,90,5.75,overcast clouds
238,Nome,US,2021-04-05 04:51:28,64.5011,-165.4064,3.2,60,1,10.36,clear sky
239,Sur,OM,2021-04-05 04:51:29,22.5667,59.5289,89.44,36,5,2.73,clear sky
240,Araouane,ML,2021-04-05 04:51:29,18.9048,-3.5265,78.08,8,96,4.07,overcast clouds
241,Lashio,MM,2021-04-05 04:51:29,22.9333,97.75,88.39,23,91,1.68,overcast clouds
242,Alto Araguaia,BR,2021-04-05 04:51:29,-17.3147,-53.2153,69.98,60,68,4.32,broken clouds
243,Provideniya,RU,2021-04-05 04:51:30,64.3833,-173.3,8.6,61,0,2.24,clear sky
244,Conceicao Do Araguaia,BR,2021-04-05 04:51:30,-8.2578,-49.2647,74.61,88,88,2.86,overcast clouds
245,Villamontes,BO,2021-04-05 04:51:30,-21.25,-63.5,68.25,94,99,3.4,overcast clouds
246,Sechura,PE,2021-04-05 04:51:31,-5.5569,-80.8222,75.38,64,67,8.43,broken clouds
247,Dajal,PK,2021-04-05 04:51:31,29.5577,70.3762,88.11,14,85,25.52,overcast clouds
248,Norman Wells,CA,2021-04-05 04:51:31,65.282,-126.8329,30.2,47,75,4.61,broken clouds
249,Tatawin,TN,2021-04-05 04:51:31,32.9297,10.4518,55.58,91,80,18.86,broken clouds
250,Lunglei,IN,2021-04-05 04:51:32,22.8833,92.7333,91.89,11,54,4.18,broken clouds
251,Saint-Philippe,RE,2021-04-05 04:51:32,-21.3585,55.7679,86.0,70,20,5.75,few clouds
252,Adrar,MR,2021-04-05 04:51:32,20.5022,-10.0711,72.3,13,10,10.71,clear sky
253,Yeppoon,AU,2021-04-05 04:51:32,-23.1333,150.7333,77.0,83,75,6.91,light rain
254,High Level,CA,2021-04-05 04:51:33,58.5169,-117.136,32.0,59,75,2.66,broken clouds
255,California City,US,2021-04-05 04:51:33,35.1258,-117.9859,71.01,27,1,24.16,clear sky
256,Alta Floresta,BR,2021-04-05 04:51:33,-9.8756,-56.0861,72.23,94,100,2.33,overcast clouds
257,Marsh Harbour,BS,2021-04-05 04:51:33,26.5412,-77.0636,67.91,52,27,11.97,scattered clouds
258,Ambon,ID,2021-04-05 04:51:34,-3.6954,128.1814,91.4,58,40,5.75,scattered clouds
259,Ust-Ilimsk,RU,2021-04-05 04:51:34,58.0006,102.6619,33.98,85,100,3.91,overcast clouds
260,Brae,GB,2021-04-05 04:51:34,60.3964,-1.353,28.4,80,75,29.93,light snow
261,Port Macquarie,AU,2021-04-05 04:48:24,-31.4333,152.9167,77.0,68,100,1.01,overcast clouds
262,Airai,TL,2021-04-05 04:51:34,-8.9266,125.4092,67.08,78,100,3.89,overcast clouds
263,Andra,RU,2021-04-05 04:51:35,62.5147,65.8878,32.49,99,100,3.65,light snow
264,Udachnyy,RU,2021-04-05 04:51:35,66.4167,112.4,2.57,79,87,10.6,overcast clouds
265,Vestmanna,FO,2021-04-05 04:51:35,62.1564,-7.1664,28.4,74,75,47.18,light snow
266,Sosnovo-Ozerskoye,RU,2021-04-05 04:51:35,52.5249,111.5418,36.37,31,90,18.63,overcast clouds
267,Coahuayana,MX,2021-04-05 04:51:36,18.7333,-103.6833,70.57,78,32,2.82,scattered clouds
268,Anadyr,RU,2021-04-05 04:51:36,64.75,177.4833,0.0,71,0,3.65,clear sky
269,Tupelo,US,2021-04-05 04:51:36,34.2576,-88.7034,53.6,71,1,3.44,clear sky
270,Mount Gambier,AU,2021-04-05 04:51:36,-37.8333,140.7667,68.0,45,2,12.66,clear sky
271,Pokhara,NP,2021-04-05 04:51:37,28.2333,83.9833,85.01,6,1,7.96,clear sky
272,San Policarpo,PH,2021-04-05 04:51:37,12.1791,125.5072,83.64,62,93,10.45,overcast clouds
273,Yaan,NG,2021-04-05 04:51:37,7.3833,8.5667,79.25,75,18,7.14,few clouds
274,Tocopilla,CL,2021-04-05 04:51:37,-22.092,-70.1979,69.62,71,96,5.75,overcast clouds
275,Puerto Del Rosario,ES,2021-04-05 04:51:38,28.5004,-13.8627,62.6,67,0,8.05,clear sky
276,Roebourne,AU,2021-04-05 04:51:38,-20.7833,117.1333,95.29,22,16,11.45,few clouds
277,Itarema,BR,2021-04-05 04:51:38,-2.9248,-39.9167,76.62,86,74,9.31,broken clouds
278,Manta,EC,2021-04-05 04:51:38,-0.95,-80.7333,78.8,78,75,3.44,light rain
279,Murgab,TM,2021-04-05 04:51:39,37.4966,61.9714,55.4,50,75,6.91,broken clouds
280,Alice Springs,AU,2021-04-05 04:51:39,-23.7,133.8833,89.01,28,0,11.5,clear sky
281,Leningradskiy,RU,2021-04-05 04:51:39,69.3833,178.4167,5.63,91,100,2.37,overcast clouds
282,Jalu,LY,2021-04-05 04:51:39,29.0331,21.5482,64.8,13,49,12.57,scattered clouds
283,Namatanai,PG,2021-04-05 04:51:40,-3.6667,152.4333,83.16,73,73,2.33,light rain
284,Kem,RU,2021-04-05 04:51:40,64.9555,34.5793,34.32,83,100,16.26,overcast clouds
285,Megion,RU,2021-04-05 04:51:40,61.0296,76.1136,39.2,52,0,13.42,clear sky
286,Leh,IN,2021-04-05 04:51:41,34.1667,77.5833,38.43,64,97,6.17,overcast clouds
287,General Roca,AR,2021-04-05 04:51:41,-39.0333,-67.5833,75.2,60,0,9.28,clear sky
288,Bonavista,CA,2021-04-05 04:51:41,48.6499,-53.1147,37.4,100,100,4.61,overcast clouds
289,Wilkie,CA,2021-04-05 04:51:41,52.4168,-108.7014,39.2,70,1,16.11,clear sky
290,Altay,CN,2021-04-05 04:51:42,47.8667,88.1167,50.05,52,3,1.3,clear sky
291,Ilovlya,RU,2021-04-05 04:51:42,49.3033,43.9796,37.4,93,90,15.66,light rain
292,Tiznit,MA,2021-04-05 04:51:42,29.5833,-9.5,53.29,90,45,1.52,scattered clouds
293,La Asuncion,VE,2021-04-05 04:47:13,11.0333,-63.8628,78.8,83,62,13.8,broken clouds
294,Morehead,US,2021-04-05 04:51:42,37.2711,-87.1764,54.0,66,1,6.13,clear sky
295,Pemba,MZ,2021-04-05 04:51:43,-12.974,40.5178,77.0,94,75,10.36,broken clouds
296,Ngunguru,NZ,2021-04-05 04:50:09,-35.6167,174.5,71.01,65,73,3.0,broken clouds
297,Faya,SA,2021-04-05 04:51:43,18.3851,42.4509,62.6,55,7,4.61,clear sky
298,Burgeo,CA,2021-04-05 04:51:43,47.6167,-57.6152,44.67,91,100,29.82,overcast clouds
299,Paamiut,GL,2021-04-05 04:51:43,61.994,-49.6678,34.99,89,100,10.98,overcast clouds
300,Santiago,CL,2021-04-05 04:50:02,-33.4569,-70.6483,62.01,87,0,10.36,clear sky
301,Saint-Georges,GD,2021-04-05 04:51:44,12.0564,-61.7485,78.8,78,20,16.11,few clouds
302,Bage,BR,2021-04-05 04:51:44,-31.3314,-54.1069,66.2,88,0,11.5,clear sky
303,La Libertad,EC,2021-04-05 04:51:44,-2.2333,-80.9,74.95,83,97,5.64,light rain
304,Lardos,GR,2021-04-05 04:51:45,36.0942,28.0157,62.6,88,40,19.57,scattered clouds
305,Aguimes,ES,2021-04-05 04:51:45,27.9054,-15.4461,64.0,67,20,6.91,few clouds
306,Abha,SA,2021-04-05 04:51:45,18.2164,42.5053,62.6,55,5,4.61,clear sky
307,Manaure,CO,2021-04-05 04:51:45,11.7751,-72.4445,78.42,74,51,10.04,broken clouds
308,Goya,AR,2021-04-05 04:51:46,-29.14,-59.2626,68.36,76,1,3.96,clear sky
309,Longyearbyen,SJ,2021-04-05 04:51:46,78.2186,15.6401,21.2,63,40,29.93,scattered clouds
310,Drezdenko,PL,2021-04-05 04:49:58,52.8383,15.8308,41.0,80,96,8.01,overcast clouds
311,Maneadero,MX,2021-04-05 04:51:46,31.7167,-116.5667,60.01,88,14,5.64,few clouds
312,Waw,SS,2021-04-05 04:51:46,7.7029,27.9953,79.48,22,93,2.73,overcast clouds
313,Puerto Baquerizo Moreno,EC,2021-04-05 04:51:47,-0.9,-89.6,76.53,85,18,3.27,few clouds
314,Rognan,NO,2021-04-05 04:51:47,67.0953,15.3878,32.0,86,75,11.5,light snow
315,Sorland,NO,2021-04-05 04:51:47,67.667,12.6934,36.57,60,76,21.09,broken clouds
316,Bauchi,NG,2021-04-05 04:51:48,10.5,10.0,70.39,18,23,4.76,few clouds
317,Kiama,AU,2021-04-05 04:51:48,-34.6833,150.8667,75.99,78,75,13.8,broken clouds
318,Ostrovnoy,RU,2021-04-05 04:51:48,68.0531,39.5131,33.89,93,99,16.62,overcast clouds
319,Saint-Joseph,RE,2021-04-05 04:51:48,-21.3667,55.6167,84.2,70,20,5.75,few clouds
320,Makinsk,KZ,2021-04-05 04:51:49,52.6292,70.4169,33.93,98,100,6.49,light rain
321,Yerbogachen,RU,2021-04-05 04:51:49,61.2767,108.0108,12.31,68,17,0.98,few clouds
322,Lasa,IT,2021-04-05 04:51:49,46.6166,10.7002,37.0,80,0,3.44,clear sky
323,College,US,2021-04-05 04:51:49,64.8569,-147.8028,26.6,74,90,18.41,light snow
324,Ust-Nera,RU,2021-04-05 04:51:50,64.5667,143.2,13.66,74,100,7.29,overcast clouds
325,Muroto,JP,2021-04-05 04:51:50,33.2833,134.15,62.6,48,20,27.63,few clouds
326,Santa Cruz,BO,2021-04-05 04:51:50,-17.8,-63.1667,73.4,94,75,2.3,broken clouds
327,Fairbanks,US,2021-04-05 04:50:02,64.8378,-147.7164,26.6,86,75,16.11,light snow
328,Ivanovka,KG,2021-04-05 04:51:51,42.8878,75.085,48.2,81,90,6.71,overcast clouds
329,Teruel,ES,2021-04-05 04:51:51,40.6667,-0.6667,44.6,93,0,4.61,clear sky
330,Jumla,NP,2021-04-05 04:51:51,29.2747,82.1838,66.02,13,2,5.91,clear sky
331,Nusaybin,TR,2021-04-05 04:51:51,37.0778,41.2178,44.6,81,40,2.3,scattered clouds
332,Dharchula,IN,2021-04-05 04:51:52,29.85,80.5333,80.92,10,0,6.71,clear sky
333,Chapais,CA,2021-04-05 04:51:52,49.7834,-74.8492,28.4,74,1,8.05,clear sky
334,Tolaga Bay,NZ,2021-04-05 04:50:09,-38.3667,178.3,69.57,57,62,8.97,broken clouds
335,Tarakan,ID,2021-04-05 04:51:52,3.3,117.6333,83.88,67,70,7.83,broken clouds
336,Sitka,US,2021-04-05 04:51:52,57.0531,-135.33,39.2,93,90,10.36,light rain
337,Pontiac,US,2021-04-05 04:51:53,42.6389,-83.2911,52.0,40,90,5.75,overcast clouds
338,Zhezkazgan,KZ,2021-04-05 04:51:53,47.8043,67.7144,36.55,97,100,15.59,overcast clouds
339,Grand Junction,US,2021-04-05 04:51:53,39.0639,-108.5507,61.0,14,1,5.75,clear sky
340,Letlhakane,BW,2021-04-05 04:51:53,-21.4167,25.5833,64.24,76,0,5.3,clear sky
341,Korsakov,RU,2021-04-05 04:51:54,46.6328,142.7813,44.6,36,1,13.42,clear sky
342,Xai-Xai,MZ,2021-04-05 04:51:54,-25.0519,33.6442,69.49,77,0,1.34,clear sky
343,Bondo,CD,2021-04-05 04:51:54,3.8146,23.6866,72.43,81,36,2.42,scattered clouds
344,Kieta,PG,2021-04-05 04:51:55,-6.2167,155.6333,81.86,81,100,4.65,moderate rain
345,Groningen,NL,2021-04-05 04:51:55,53.25,6.75,42.01,93,75,18.41,light rain
346,Constantine,DZ,2021-04-05 04:51:55,36.365,6.6147,50.0,81,75,3.44,broken clouds
347,Kanniyakumari,IN,2021-04-05 04:51:55,8.0833,77.5667,87.71,59,63,7.38,broken clouds
348,Ermoupolis,GR,2021-04-05 04:51:02,37.4423,24.9425,63.0,67,20,6.91,few clouds
349,Hongjiang,CN,2021-04-05 04:51:56,27.11,109.9956,51.85,94,100,2.89,overcast clouds
350,Kalmunai,LK,2021-04-05 04:51:56,7.4167,81.8167,85.87,63,35,4.18,scattered clouds
351,Toora-Khem,RU,2021-04-05 04:51:56,52.4675,96.11,42.64,62,14,2.62,few clouds
352,Narsaq,GL,2021-04-05 04:51:56,60.9167,-46.05,35.6,87,90,1.14,fog
353,Kurumkan,RU,2021-04-05 04:51:57,54.3,110.3,36.82,46,74,9.26,broken clouds
354,Bosaso,SO,2021-04-05 04:48:09,11.2842,49.1816,78.8,89,0,3.44,clear sky
355,Broken Hill,AU,2021-04-05 04:51:57,-31.95,141.4333,84.2,24,0,14.97,clear sky
356,Luganville,VU,2021-04-05 04:51:57,-15.5333,167.1667,81.5,79,23,10.36,few clouds
357,Boende,CD,2021-04-05 04:50:17,-0.2167,20.8667,71.28,97,86,2.15,overcast clouds
358,Nador,MA,2021-04-05 04:51:57,35.174,-2.9287,55.4,88,75,2.3,broken clouds
359,Springdale,US,2021-04-05 04:51:58,36.1867,-94.1288,57.99,82,1,6.91,clear sky
360,Jadu,LY,2021-04-05 04:51:58,31.953,12.0261,52.54,91,60,8.75,broken clouds
361,Khasan,RU,2021-04-05 04:51:59,42.4308,130.6434,48.15,44,0,10.98,clear sky
362,Jinchang,CN,2021-04-05 04:51:59,38.4953,102.1739,61.39,20,0,13.38,clear sky
363,Chitral,PK,2021-04-05 04:51:59,35.8462,71.7858,49.86,95,99,3.74,overcast clouds
364,Stjordalshalsen,NO,2021-04-05 04:51:59,63.4681,10.9262,33.01,93,75,2.3,light snow
365,Bitung,ID,2021-04-05 04:52:00,1.4451,125.1824,89.6,55,20,9.22,few clouds
366,Tiksi,RU,2021-04-05 04:52:00,71.6872,128.8694,-3.75,91,69,2.73,broken clouds
367,Saint-Augustin,CA,2021-04-05 04:52:00,51.226,-58.6502,34.83,99,100,18.48,overcast clouds
368,Byron Bay,AU,2021-04-05 04:52:00,-28.65,153.6167,71.6,94,90,10.36,light rain
369,Vittoria,IT,2021-04-05 04:52:01,36.9537,14.5332,53.6,82,75,3.44,broken clouds
370,Sokoni,TZ,2021-04-05 04:52:01,-6.4333,39.55,77.0,94,20,9.22,light rain
371,Rosetta,EG,2021-04-05 04:52:01,31.4044,30.4164,57.2,67,0,2.3,clear sky
372,Satipo,PE,2021-04-05 04:52:02,-11.2522,-74.6386,67.77,98,76,2.04,broken clouds
373,Esperance,AU,2021-04-05 04:52:02,-33.8667,121.9,73.4,56,68,13.8,broken clouds
374,Baruun-Urt,MN,2021-04-05 04:52:02,46.6806,113.2792,49.51,27,2,8.99,clear sky
375,Vao,NC,2021-04-05 04:52:02,-22.6667,167.4833,76.06,69,48,19.71,scattered clouds
376,Oranjestad,AW,2021-04-05 04:52:03,12.524,-70.027,79.0,83,20,18.41,few clouds
377,Treinta Y Tres,UY,2021-04-05 04:47:13,-33.2333,-54.3833,64.35,95,11,11.56,few clouds
378,Izamal,MX,2021-04-05 04:52:03,20.9333,-89.0167,73.4,64,1,11.5,clear sky
379,Kirakira,SB,2021-04-05 04:52:03,-10.4544,161.9205,83.23,81,99,4.79,overcast clouds
380,Khilok,RU,2021-04-05 04:52:04,51.3674,110.4676,38.34,43,73,12.68,broken clouds
381,Kisangani,CD,2021-04-05 04:52:04,0.5167,25.2,73.4,100,40,4.61,scattered clouds
382,Perth,AU,2021-04-05 04:52:04,-31.9333,115.8333,80.01,57,20,8.05,few clouds
383,Talnakh,RU,2021-04-05 04:52:04,69.4865,88.3972,13.21,93,100,12.77,snow
384,Marzuq,YE,2021-04-05 04:52:05,14.4,46.4667,76.53,15,2,2.98,clear sky
385,Ouegoa,NC,2021-04-05 04:48:13,-20.35,164.4333,80.24,63,61,15.86,broken clouds
386,Chuy,UY,2021-04-05 04:51:11,-33.6971,-53.4616,66.97,89,1,9.82,clear sky
387,Kavaratti,IN,2021-04-05 04:52:05,10.5669,72.642,82.65,67,79,11.23,broken clouds
388,Port Blair,IN,2021-04-05 04:52:05,11.6667,92.75,85.57,64,9,9.26,clear sky
389,Whitehorse,CA,2021-04-05 04:52:06,60.7161,-135.0538,37.4,56,90,16.11,overcast clouds
390,Belmopan,BZ,2021-04-05 04:52:06,17.25,-88.7667,71.01,81,47,1.41,scattered clouds
391,Ratnagiri,IN,2021-04-05 04:52:06,16.9833,73.3,86.32,57,67,9.42,broken clouds
392,Dhar,IN,2021-04-05 04:52:06,22.6,75.3,82.4,39,0,6.91,haze
393,Bueno Brandao,BR,2021-04-05 04:52:07,-22.4408,-46.3508,54.86,91,56,4.76,broken clouds
394,Baykit,RU,2021-04-05 04:52:07,61.67,96.37,30.6,92,100,3.11,overcast clouds
395,Tazovskiy,RU,2021-04-05 04:52:07,67.4667,78.7,32.2,96,100,10.76,overcast clouds
396,Tommot,RU,2021-04-05 04:52:07,58.9564,126.2925,18.54,73,100,7.94,overcast clouds
397,Lagoa,PT,2021-04-05 04:52:08,39.05,-27.9833,59.41,85,26,14.83,scattered clouds
398,Roma,US,2021-04-05 04:50:01,43.2128,-75.4557,37.99,60,1,3.44,clear sky
399,Marienburg,PL,2021-04-05 04:52:08,54.0359,19.0266,41.0,77,78,19.42,light rain
400,Farah,AF,2021-04-05 04:52:08,32.5,62.5,61.05,21,0,6.24,clear sky
401,Korla,CN,2021-04-05 04:50:17,41.7597,86.1469,57.9,14,87,6.78,overcast clouds
402,Eston,CA,2021-04-05 04:52:09,51.1501,-108.7514,42.8,75,75,11.5,broken clouds
403,Ha Giang,VN,2021-04-05 04:52:09,22.8333,104.9833,71.35,98,100,3.06,overcast clouds
404,Svetlyy,RU,2021-04-05 04:52:09,54.675,20.1347,39.2,75,40,13.42,scattered clouds
405,Hofn,IS,2021-04-05 04:52:09,64.2539,-15.2082,18.39,59,3,21.5,clear sky
406,Parabel,RU,2021-04-05 04:52:10,58.6978,81.4825,36.54,81,100,9.28,overcast clouds
407,Llanes,ES,2021-04-05 04:52:10,43.4198,-4.7549,48.99,73,2,5.19,clear sky
408,Batagay,RU,2021-04-05 04:52:10,67.6333,134.6333,0.88,79,100,5.28,overcast clouds
409,Mnogovershinnyy,RU,2021-04-05 04:52:10,53.9353,139.9242,27.32,58,19,2.93,few clouds
410,La Seyne-Sur-Mer,FR,2021-04-05 04:52:11,43.0982,5.8847,53.01,89,2,3.0,clear sky
411,Sampang,ID,2021-04-05 04:52:11,-7.1872,113.2394,89.6,58,20,6.91,few clouds
412,Iwanai,JP,2021-04-05 04:52:11,42.9744,140.5089,46.26,43,0,6.93,clear sky
413,Haines Junction,CA,2021-04-05 04:52:11,60.7522,-137.5108,39.2,48,100,6.91,overcast clouds
414,Mehriz,IR,2021-04-05 04:52:12,31.5917,54.4318,57.2,19,0,6.91,clear sky
415,Yendi,GH,2021-04-05 04:52:12,9.4427,-0.0099,85.14,58,99,6.51,overcast clouds
416,Roald,NO,2021-04-05 04:52:12,62.5833,6.1333,37.4,60,75,18.41,light snow
417,Taltal,CL,2021-04-05 04:48:13,-25.4,-70.4833,64.33,82,1,3.8,clear sky
418,Biak,ID,2021-04-05 04:52:13,-0.9131,122.8766,86.04,65,77,2.55,broken clouds
419,Pella,RU,2021-04-05 04:52:13,59.7775,30.8181,37.99,70,75,8.95,broken clouds
420,Waingapu,ID,2021-04-05 04:52:13,-9.6567,120.2641,74.89,84,100,15.37,heavy intensity rain
421,Cehegin,ES,2021-04-05 04:52:13,38.0924,-1.7985,55.0,93,46,0.43,scattered clouds
422,Andenes,NO,2021-04-05 04:52:14,69.3143,16.1194,32.0,80,68,18.41,broken clouds
423,Cidreira,BR,2021-04-05 04:52:14,-30.1811,-50.2056,71.69,79,2,17.13,clear sky
424,Tevaitoa,PF,2021-04-05 04:52:14,-16.7833,-151.5,82.51,75,16,15.95,few clouds
425,Gazanjyk,TM,2021-04-05 04:52:14,39.2446,55.5154,61.27,38,0,12.21,clear sky
426,Mahon,ES,2021-04-05 04:52:15,39.8885,4.2658,51.8,100,40,8.05,scattered clouds
427,Cockburn Town,TC,2021-04-05 04:52:15,21.4612,-71.1419,73.35,73,100,22.59,overcast clouds
428,Grand Gaube,MU,2021-04-05 04:52:15,-20.0064,57.6608,84.99,70,5,11.01,clear sky
429,Vysokogornyy,RU,2021-04-05 04:52:15,50.1167,139.15,35.67,67,61,3.74,broken clouds
430,Plettenberg Bay,ZA,2021-04-05 04:52:16,-34.0527,23.3716,63.55,96,100,11.18,light rain
431,Capim Grosso,BR,2021-04-05 04:52:16,-11.3811,-40.0128,68.65,92,27,5.41,scattered clouds
432,Lebu,CL,2021-04-05 04:48:12,-37.6167,-73.65,56.16,79,96,16.31,overcast clouds
433,Uromi,NG,2021-04-05 04:52:16,6.7,6.3333,73.26,92,17,4.25,few clouds
434,Ilo,PE,2021-04-05 04:52:17,-17.6394,-71.3375,70.03,84,100,9.33,overcast clouds
435,Alyangula,AU,2021-04-05 04:52:17,-13.8483,136.4192,86.41,47,50,9.28,scattered clouds
436,Goianesia,BR,2021-04-05 04:52:17,-15.3175,-49.1175,67.51,92,29,3.53,scattered clouds
437,Gunzenhausen,DE,2021-04-05 04:50:12,49.1,10.75,39.99,87,1,9.22,clear sky
438,Krasnyy Chikoy,RU,2021-04-05 04:52:17,50.3643,108.7512,42.08,49,82,9.73,broken clouds
439,Acari,PE,2021-04-05 04:52:18,-15.4311,-74.6158,72.61,86,45,3.13,scattered clouds
440,Belyy Yar,RU,2021-04-05 04:52:18,53.6039,91.3903,46.4,34,0,4.47,clear sky
441,Ayr,GB,2021-04-05 04:52:18,55.4627,-4.6339,35.6,55,20,14.97,few clouds
442,Baracoa,CU,2021-04-05 04:52:18,20.3467,-74.4958,72.03,80,99,13.06,overcast clouds
443,Solihull,GB,2021-04-05 04:47:52,52.4143,-1.7809,43.0,81,75,19.57,broken clouds
444,Bathsheba,BB,2021-04-05 04:52:19,13.2167,-59.5167,78.8,73,40,14.97,scattered clouds
445,Bilma,NE,2021-04-05 04:52:19,18.6853,12.9164,70.7,11,0,6.62,clear sky
446,Trinidad,BO,2021-04-05 04:52:19,-14.8333,-64.9,70.74,97,81,3.0,moderate rain
447,Gorom-Gorom,BF,2021-04-05 04:52:20,14.4439,-0.2361,78.22,8,0,8.37,clear sky
448,Wattegama,LK,2021-04-05 04:52:20,6.7989,81.4808,84.2,79,0,9.22,clear sky
449,Bashmakovo,RU,2021-04-05 04:52:20,53.2133,43.0342,35.35,78,62,3.44,broken clouds
450,Mount Isa,AU,2021-04-05 04:52:20,-20.7333,139.5,91.4,27,40,14.97,scattered clouds
451,Domoni,KM,2021-04-05 04:52:21,-12.2569,44.5319,82.0,81,98,8.97,light rain
452,Manicore,BR,2021-04-05 04:52:21,-5.8092,-61.3003,73.06,96,97,1.95,overcast clouds
453,Rodrigues Alves,BR,2021-04-05 04:52:21,-7.738,-72.6509,70.5,99,63,1.95,broken clouds
454,Okha,RU,2021-04-05 04:52:21,53.5739,142.9478,24.84,59,3,9.57,clear sky
455,Oktyabrskiy,RU,2021-04-05 04:50:18,54.4815,53.471,32.76,95,100,9.42,overcast clouds
456,Magalia,US,2021-04-05 04:52:22,39.8121,-121.5783,59.0,58,1,4.38,clear sky
457,Zaozhuang,CN,2021-04-05 04:52:22,34.8647,117.5542,62.83,25,86,9.71,overcast clouds
458,Laguna,US,2021-04-05 04:52:22,38.421,-121.4238,54.0,66,1,10.36,clear sky
459,Pierre,US,2021-04-05 04:52:22,44.3683,-100.351,66.2,22,1,4.61,clear sky
460,Krasnoselkup,RU,2021-04-05 04:52:23,65.7,82.4667,32.97,100,100,14.72,light snow
461,Seoul,KR,2021-04-05 04:51:10,37.5683,126.9778,62.6,25,0,4.61,clear sky
462,Riobamba,EC,2021-04-05 04:52:23,-1.6667,-78.6333,52.7,94,100,2.91,overcast clouds
463,Grand Forks,US,2021-04-05 04:52:23,47.9417,-97.4337,55.4,28,40,9.22,scattered clouds
464,Mul,IN,2021-04-05 04:52:23,20.0667,79.6667,99.63,7,0,5.55,clear sky
465,Muzhi,RU,2021-04-05 04:52:24,65.3667,64.6667,29.23,93,100,5.23,overcast clouds
466,Lima,PE,2021-04-05 04:48:46,-12.0432,-77.0282,71.6,78,0,6.91,clear sky
467,Sassandra,CI,2021-04-05 04:52:24,4.95,-6.0833,77.85,92,28,6.2,scattered clouds
468,Sisimiut,GL,2021-04-05 04:52:24,66.9395,-53.6735,9.57,90,100,3.91,overcast clouds
469,Le Port,RE,2021-04-05 04:52:25,-20.9373,55.2919,86.0,58,0,12.66,clear sky
470,Palembang,ID,2021-04-05 04:52:25,-2.9167,104.7458,89.6,62,75,11.5,broken clouds
471,Urucara,BR,2021-04-05 04:52:25,-2.5364,-57.76,73.53,98,98,1.97,overcast clouds
472,Biltine,TD,2021-04-05 04:52:25,14.5333,20.9167,77.25,11,14,13.78,few clouds
473,Faanui,PF,2021-04-05 04:52:26,-16.4833,-151.75,82.69,74,15,16.2,few clouds
474,Necochea,AR,2021-04-05 04:52:26,-38.5473,-58.7368,60.01,92,0,4.0,clear sky
475,Nuuk,GL,2021-04-05 04:52:26,64.1835,-51.7216,26.71,97,100,3.4,snow
476,Acarau,BR,2021-04-05 04:52:26,-2.8856,-40.12,77.11,85,79,10.36,broken clouds
477,Dingle,PH,2021-04-05 04:52:27,10.9995,122.6711,89.62,46,70,13.15,broken clouds
478,Belomorsk,RU,2021-04-05 04:52:27,64.5232,34.7668,35.35,80,100,15.55,overcast clouds
479,Anchorage,US,2021-04-05 04:48:24,61.2181,-149.9003,37.4,52,1,12.66,clear sky
480,Isiro,CD,2021-04-05 04:52:27,2.7739,27.616,70.0,84,100,0.83,overcast clouds
481,Port Hedland,AU,2021-04-05 04:52:27,-20.3167,118.5667,100.4,18,40,16.11,scattered clouds
482,Jiayuguan,CN,2021-04-05 04:52:28,39.8167,98.3,51.96,31,100,14.05,overcast clouds
483,Camabatela,AO,2021-04-05 04:52:28,-8.1881,15.375,62.29,95,100,4.68,overcast clouds
484,Makakilo City,US,2021-04-05 04:52:28,21.3469,-158.0858,75.2,64,20,9.22,few clouds
485,Phan Thiet,VN,2021-04-05 04:50:50,10.9333,108.1,91.24,48,47,20.42,scattered clouds
486,Twin Falls,US,2021-04-05 04:52:28,42.3505,-114.6445,51.8,32,1,8.05,clear sky
487,Yanam,IN,2021-04-05 04:52:29,16.7333,82.2167,89.6,62,40,3.44,haze
488,Bandarbeyla,SO,2021-04-05 04:52:29,9.4942,50.8122,79.63,70,99,1.9,overcast clouds
489,Kasama,ZM,2021-04-05 04:52:29,-10.2129,31.1808,60.89,97,98,4.36,overcast clouds
490,Gazojak,TM,2021-04-05 04:52:30,41.1875,61.4036,57.24,41,5,7.4,clear sky
491,Okato,NZ,2021-04-05 04:52:30,-39.2,173.8833,66.0,82,100,8.99,overcast clouds
492,Vardo,NO,2021-04-05 04:52:30,70.3705,31.1107,35.62,86,96,13.98,overcast clouds
493,Potsdam,DE,2021-04-05 04:52:30,52.3989,13.0657,41.0,84,99,1.99,overcast clouds
494,Lewistown,US,2021-04-05 04:52:31,40.5992,-77.5714,48.2,46,1,4.61,clear sky
495,Luancheng,CN,2021-04-05 04:52:31,37.8792,114.6517,59.0,47,100,8.95,overcast clouds
496,Nieuw Nickerie,SR,2021-04-05 04:52:31,5.95,-56.9833,77.25,89,99,10.2,moderate rain
497,Awash,ET,2021-04-05 04:52:31,8.9833,40.1667,79.27,31,11,3.67,few clouds
498,Merrill,US,2021-04-05 04:52:32,45.1805,-89.6835,55.4,57,1,6.71,clear sky
499,Neiafu,TO,2021-04-05 04:52:32,-18.65,-173.9833,78.8,89,75,4.61,light rain
500,Port Moresby,PG,2021-04-05 04:52:32,-9.4431,147.1797,87.8,70,40,11.39,scattered clouds
501,Marrakesh,MA,2021-04-05 04:52:32,31.6315,-8.0083,51.8,82,4,4.61,clear sky
502,Fortuna,US,2021-04-05 04:52:33,40.5982,-124.1573,48.99,93,40,4.61,scattered clouds
503,Awjilah,LY,2021-04-05 04:52:33,29.1081,21.2869,65.59,13,54,12.88,broken clouds
504,Stromness,GB,2021-04-05 04:52:33,58.965,-3.296,30.2,86,75,37.98,light snow
505,Bubaque,GW,2021-04-05 04:52:33,11.2833,-15.8333,75.04,75,100,13.4,overcast clouds
506,Tulagi,SB,2021-04-05 04:52:34,-9.0996,160.1476,84.09,70,50,3.74,scattered clouds
507,Kohima,IN,2021-04-05 04:50:56,25.6667,94.1167,78.8,47,75,3.44,haze
508,Salalah,OM,2021-04-05 04:52:34,17.0151,54.0924,80.6,65,0,7.78,clear sky
509,Port Hardy,CA,2021-04-05 04:52:34,50.6996,-127.4199,42.8,75,20,8.05,few clouds
510,Kologriv,RU,2021-04-05 04:52:35,58.8275,44.3178,32.16,86,96,8.52,overcast clouds
511,Uyuni,BO,2021-04-05 04:52:35,-20.4597,-66.825,48.58,48,95,12.21,overcast clouds
512,Matara,LK,2021-04-05 04:52:35,5.9485,80.5353,88.38,55,62,8.5,broken clouds
513,Mehamn,NO,2021-04-05 04:52:35,71.0357,27.8492,34.63,87,100,18.95,overcast clouds
514,Bako,ET,2021-04-05 04:52:36,5.7833,36.5667,71.42,60,23,1.68,few clouds
515,Lisakovsk,KZ,2021-04-05 04:52:36,52.5369,62.4936,34.48,89,97,15.68,overcast clouds
516,Bardiyah,LY,2021-04-05 04:52:36,31.7561,25.0865,65.32,32,1,13.96,clear sky
517,Burns Lake,CA,2021-04-05 04:52:36,54.2331,-125.7533,33.8,64,21,6.91,few clouds
518,Huarmey,PE,2021-04-05 04:52:37,-10.0681,-78.1522,72.12,79,38,5.61,scattered clouds
519,Oranjemund,NA,2021-04-05 04:52:37,-28.55,16.4333,60.69,97,16,7.29,few clouds
520,Yumen,CN,2021-04-05 04:52:37,40.2833,97.2,53.01,32,100,8.01,overcast clouds
521,Half Moon Bay,US,2021-04-05 04:47:38,37.4636,-122.4286,52.0,76,90,8.05,overcast clouds
522,Meulaboh,ID,2021-04-05 04:52:37,4.1363,96.1285,85.08,65,99,3.6,overcast clouds
523,Ashcroft,CA,2021-04-05 04:52:38,50.7165,-121.2859,41.0,52,1,5.75,clear sky
524,Fort Morgan,US,2021-04-05 04:52:38,40.2503,-103.8,60.8,21,1,4.61,clear sky
525,Tual,ID,2021-04-05 04:52:38,-5.6667,132.75,84.16,70,57,3.56,broken clouds
526,Anori,BR,2021-04-05 04:52:39,-3.7728,-61.6442,73.67,96,100,0.43,overcast clouds
527,Ramjibanpur,IN,2021-04-05 04:52:39,22.8333,87.6167,97.65,24,1,8.48,clear sky
528,Mmabatho,ZA,2021-04-05 04:52:39,-25.85,25.6333,53.6,94,0,3.44,clear sky
529,Mitu,CO,2021-04-05 04:52:40,1.1983,-70.1733,71.91,99,100,1.19,moderate rain
530,Badarpur,IN,2021-04-05 04:52:41,24.9,92.6,92.53,17,31,2.89,scattered clouds
531,Cuencame,MX,2021-04-05 04:52:41,24.8711,-103.6964,65.41,50,17,5.35,few clouds
532,Nanchang,CN,2021-04-05 04:52:41,28.6833,115.8833,52.9,84,100,5.59,light rain
533,Nioro,GM,2021-04-05 04:52:41,13.35,-15.75,74.7,53,97,6.42,overcast clouds
534,Kununurra,AU,2021-04-05 04:52:42,-15.7667,128.7333,96.8,30,4,6.91,clear sky
535,Dharampuri,IN,2021-04-05 04:52:42,22.1667,75.35,97.32,17,0,8.32,clear sky
536,Natal,BR,2021-04-05 04:52:42,-5.795,-35.2094,80.6,78,40,9.22,scattered clouds
537,Tuatapere,NZ,2021-04-05 04:50:09,-46.1333,167.6833,55.99,62,97,23.0,overcast clouds
538,Viedma,AR,2021-04-05 04:52:43,-40.8135,-62.9967,71.83,53,1,16.93,clear sky
539,Termiz,UZ,2021-04-05 04:52:43,37.2242,67.2783,57.2,62,0,4.61,clear sky
540,Lichinga,MZ,2021-04-05 04:52:43,-13.3128,35.2406,61.83,96,96,6.62,overcast clouds
541,Praya,CV,2021-04-05 04:52:44,14.9215,-23.5087,77.0,27,0,20.71,clear sky
542,Abu Samrah,SY,2021-04-05 04:52:44,35.3029,37.1841,54.45,57,0,3.76,clear sky
543,Mecca,SA,2021-04-05 04:48:03,21.4267,39.8261,77.88,35,1,2.95,clear sky
544,Pisco,PE,2021-04-05 04:52:44,-13.7,-76.2167,71.6,73,63,5.75,broken clouds
545,Lerwick,GB,2021-04-05 04:52:44,60.1545,-1.1494,28.4,80,75,29.93,light snow
546,Saint-Pierre,RE,2021-04-05 04:52:45,-21.3393,55.4781,84.2,70,20,5.75,few clouds
547,Aksu,CN,2021-04-05 04:52:45,41.1231,80.2644,53.49,31,100,2.08,overcast clouds
548,Ahipara,NZ,2021-04-05 04:52:45,-35.1667,173.1667,66.43,74,100,8.28,overcast clouds
549,Turayf,SA,2021-04-05 04:52:45,31.6725,38.6637,48.2,53,0,5.75,clear sky
550,Bogatyye Saby,RU,2021-04-05 04:52:46,56.0102,50.4483,32.65,90,100,10.36,overcast clouds
551,Kizukuri,JP,2021-04-05 04:52:46,40.8061,140.3861,53.01,71,75,9.22,broken clouds
552,Magistralnyy,RU,2021-04-05 04:52:46,56.1725,107.4458,29.21,74,100,6.98,overcast clouds
553,Muravlenko,RU,2021-04-05 04:52:46,63.7898,74.523,32.58,100,100,12.01,overcast clouds
554,Wanning,CN,2021-04-05 04:52:47,18.8003,110.3967,83.23,63,47,8.57,scattered clouds
555,Riverton,US,2021-04-05 04:52:47,40.5219,-111.9391,62.01,41,1,6.91,clear sky
556,Ulaangom,MN,2021-04-05 04:52:47,49.9811,92.0667,43.93,26,0,5.86,clear sky
557,Porbandar,IN,2021-04-05 04:52:48,21.6422,69.6093,84.2,74,20,9.22,few clouds
558,Goundam,ML,2021-04-05 04:52:48,16.4145,-3.6708,77.97,7,10,6.2,clear sky
559,Naryan-Mar,RU,2021-04-05 04:52:48,67.6713,53.087,22.24,92,54,12.5,broken clouds
560,The Valley,AI,2021-04-05 04:52:48,18.217,-63.0578,77.0,78,20,6.91,few clouds
561,Singen,DE,2021-04-05 04:52:49,47.7594,8.8403,34.0,83,10,1.01,clear sky
562,Shache,CN,2021-04-05 04:52:49,38.4167,77.2406,55.15,34,100,4.03,overcast clouds
563,Grobina,LV,2021-04-05 04:52:49,56.5352,21.1678,41.0,87,90,23.02,light rain
564,Poso,ID,2021-04-05 04:49:15,-1.3959,120.7524,87.13,66,54,5.86,broken clouds
565,Valdepenas,ES,2021-04-05 04:52:49,38.7621,-3.3848,46.99,95,3,2.66,clear sky
566,Sibut,CF,2021-04-05 04:52:50,5.718,19.0739,74.41,54,83,1.95,broken clouds
567,North Bend,US,2021-04-05 04:52:50,43.4065,-124.2243,46.4,66,1,20.71,clear sky
568,Licata,IT,2021-04-05 04:52:50,37.1071,13.9461,48.99,91,100,10.89,overcast clouds
569,Pedernales,DO,2021-04-05 04:52:50,18.0384,-71.744,76.69,78,93,4.36,overcast clouds
570,Omagh,GB,2021-04-05 04:52:51,54.6,-7.3,33.26,93,100,14.38,light snow
571,Kupang,ID,2021-04-05 04:52:51,-10.1667,123.5833,74.1,90,100,33.46,moderate rain
572,Innisfail,AU,2021-04-05 04:52:51,-17.5333,146.0333,76.55,91,97,6.55,overcast clouds
573,Seminole,US,2021-04-05 04:52:51,28.7086,-81.2081,60.01,77,1,3.83,clear sky
574,Santarem,BR,2021-04-05 04:52:52,-2.4431,-54.7083,80.6,94,40,5.75,scattered clouds
575,Vestmannaeyjar,IS,2021-04-05 04:52:52,63.4427,-20.2734,21.07,59,51,23.94,broken clouds
576,Kvitok,RU,2021-04-05 04:52:52,56.0724,98.4813,41.41,74,95,3.53,overcast clouds
577,Mormugao,IN,2021-04-05 04:52:52,15.4,73.8,86.0,66,20,8.05,few clouds
578,Tobol,KZ,2021-04-05 04:52:53,52.6844,62.5794,34.36,89,93,15.99,overcast clouds
579,Marau,BR,2021-04-05 04:52:53,-28.4492,-52.2,61.12,84,17,7.18,few clouds
580,Yar-Sale,RU,2021-04-05 04:52:53,66.8333,70.8333,32.76,99,100,7.99,overcast clouds
581,Port Keats,AU,2021-04-05 04:52:53,-14.25,129.55,91.62,38,31,8.59,scattered clouds
582,Truckee,US,2021-04-05 04:52:54,39.328,-120.1833,42.8,42,1,5.26,clear sky
583,Khoy,IR,2021-04-05 04:52:54,38.5504,44.9535,53.02,41,5,2.98,clear sky
584,Harper,LR,2021-04-05 04:52:54,4.375,-7.7169,78.8,87,53,6.78,broken clouds
585,Cabedelo,BR,2021-04-05 04:52:54,-6.9811,-34.8339,78.8,83,0,5.75,clear sky
586,Kontagora,NG,2021-04-05 04:52:55,10.3999,5.4695,76.08,15,25,4.21,scattered clouds
587,Kropotkin,RU,2021-04-05 04:52:55,45.4375,40.5756,50.79,86,100,1.41,light rain
588,Alekseyevsk,RU,2021-04-05 04:52:55,57.8406,108.3492,21.52,63,11,3.4,few clouds
589,Northam,GB,2021-04-05 04:52:56,51.0333,-4.2167,46.0,88,98,7.0,overcast clouds
590,Casma,CL,2021-04-05 04:52:56,-41.0082,-73.1244,53.6,67,0,10.36,clear sky
591,Shadegan,IR,2021-04-05 04:52:56,30.6497,48.6647,66.2,55,0,9.22,clear sky
592,Ilesha,NG,2021-04-05 04:52:56,7.1371,5.2583,74.61,95,40,3.09,scattered clouds
593,Ayan,RU,2021-04-05 04:52:57,56.45,138.1667,28.85,48,80,2.73,broken clouds
594,Alvaraes,BR,2021-04-05 04:52:57,-3.2208,-64.8042,72.91,98,76,1.59,light rain
595,Ko Samui,TH,2021-04-05 04:52:57,9.5357,99.9357,87.8,70,40,8.05,scattered clouds
596,Dangriga,BZ,2021-04-05 04:52:57,16.9692,-88.2321,78.01,69,59,7.0,broken clouds
597,Mariental,NA,2021-04-05 04:52:58,-24.6333,17.9667,72.28,45,24,1.95,few clouds
598,Inhambane,MZ,2021-04-05 04:52:58,-23.865,35.3833,68.0,83,40,5.55,scattered clouds
599,Galveston,US,2021-04-05 04:50:06,29.3669,-94.9669,68.0,82,1,9.22,clear sky
600,Sinop,TR,2021-04-05 04:49:38,41.7711,34.8709,51.69,78,100,14.12,overcast clouds
601,Katobu,ID,2021-04-05 04:52:58,-4.9408,122.5276,88.2,55,99,9.17,overcast clouds
602,Ulladulla,AU,2021-04-05 04:52:59,-35.35,150.4667,75.2,78,75,13.8,broken clouds
603,Magadan,RU,2021-04-05 04:52:59,59.5667,150.8,22.32,54,100,2.8,overcast clouds
604,Hellvik,NO,2021-04-05 04:52:59,59.9156,5.781,30.99,90,100,10.0,light snow
605,Okmulgee,US,2021-04-05 04:52:59,35.6234,-95.9605,59.0,82,40,5.75,scattered clouds
606,Avera,US,2021-04-05 04:53:00,33.194,-82.5271,50.0,66,1,3.44,clear sky
607,Mtambile,TZ,2021-04-05 04:53:00,-5.3833,39.7,80.69,79,85,8.93,light rain
608,Mandasa,IN,2021-04-05 04:53:00,18.8667,84.4667,90.3,51,2,8.08,clear sky
609,Naze,JP,2021-04-05 04:53:00,28.3667,129.4833,69.8,60,75,23.02,broken clouds
610,Karakol,KG,2021-04-05 04:53:01,42.4907,78.3936,38.66,82,100,5.7,overcast clouds
611,Koyelga,RU,2021-04-05 04:53:01,54.6522,60.9049,34.39,86,71,15.35,broken clouds
612,Portland,US,2021-04-05 04:51:57,45.5234,-122.6762,45.0,55,8,1.99,clear sky
613,Carutapera,BR,2021-04-05 04:53:01,-1.195,-46.02,75.9,94,100,6.98,overcast clouds
614,Lucapa,AO,2021-04-05 04:53:01,-8.4192,20.7447,65.07,97,100,2.75,overcast clouds
615,Arang,IN,2021-04-05 04:53:02,21.2,81.9667,91.4,46,0,9.22,haze
616,Sakaiminato,JP,2021-04-05 04:53:02,35.55,133.2333,55.4,50,75,17.27,broken clouds
617,Pingliang,CN,2021-04-05 04:53:02,35.5392,106.6861,52.75,65,76,8.63,broken clouds
618,Calama,CL,2021-04-05 04:53:02,-22.4667,-68.9333,51.8,43,90,13.8,overcast clouds
619,Iquique,CL,2021-04-05 04:53:03,-20.2208,-70.1431,68.0,68,0,5.75,clear sky
620,Champerico,GT,2021-04-05 04:53:03,14.3,-91.9167,66.0,96,80,4.74,broken clouds
621,Sorkjosen,NO,2021-04-05 04:53:03,69.8,20.9333,26.92,90,100,1.99,overcast clouds
622,Madaoua,NE,2021-04-05 04:53:04,14.073,5.96,72.32,11,1,8.41,clear sky
623,Totness,SR,2021-04-05 04:53:04,5.8833,-56.3167,76.28,92,100,8.95,heavy intensity rain
624,Annau,TM,2021-04-05 04:53:04,37.8876,58.516,55.4,50,0,7.94,clear sky
625,Fecamp,FR,2021-04-05 04:53:04,49.7579,0.3746,44.6,93,90,14.97,overcast clouds
626,Amapa,BR,2021-04-05 04:53:05,1.0,-52.0,71.53,99,100,1.23,overcast clouds
627,Keningau,MY,2021-04-05 04:53:05,5.3378,116.1602,87.8,70,20,6.91,light rain
628,Rio Cuarto,AR,2021-04-05 04:53:05,-33.1307,-64.3499,62.01,87,56,8.01,broken clouds
629,Mezen,RU,2021-04-05 04:53:05,65.8522,44.24,32.41,92,100,11.5,overcast clouds
630,Bintulu,MY,2021-04-05 04:53:06,3.1667,113.0333,86.0,74,40,4.61,scattered clouds
631,Williamstown,US,2021-04-05 04:53:06,39.6862,-74.9952,54.0,39,0,1.99,clear sky
632,Padang,ID,2021-04-05 04:53:06,-0.9492,100.3543,86.0,66,20,8.05,moderate rain
633,Ghidfalau,RO,2021-04-05 04:53:06,45.9,25.85,36.0,85,52,2.44,broken clouds
634,Capao Da Canoa,BR,2021-04-05 04:53:07,-29.7456,-50.0097,69.44,83,3,11.03,clear sky
635,Inuvik,CA,2021-04-05 04:53:07,68.3499,-133.7218,21.2,73,76,8.05,broken clouds
636,Shenkursk,RU,2021-04-05 04:53:07,62.1091,42.896,33.39,91,100,10.63,overcast clouds
637,Abnub,EG,2021-04-05 04:53:07,27.2696,31.1511,51.8,58,0,5.75,clear sky
638,Benguela,AO,2021-04-05 04:53:08,-12.5763,13.4055,78.58,86,90,3.06,overcast clouds
639,Singkang,MY,2021-04-05 04:53:08,2.1006,102.7994,89.6,66,40,4.61,scattered clouds
640,Popondetta,PG,2021-04-05 04:53:08,-8.7537,148.2534,89.24,54,65,7.0,broken clouds
641,Imbituba,BR,2021-04-05 04:53:08,-28.24,-48.6703,66.2,94,20,2.3,few clouds
642,Puerto Madryn,AR,2021-04-05 04:48:14,-42.7692,-65.0385,73.74,49,28,14.5,scattered clouds
643,Muros,ES,2021-04-05 04:53:09,42.7762,-9.0603,48.99,74,0,1.01,clear sky
644,Coihaique,CL,2021-04-05 04:53:09,-45.5752,-72.0662,49.26,92,100,2.71,overcast clouds
645,Sheridan,US,2021-04-05 04:53:09,44.8333,-106.9173,54.0,32,1,6.91,clear sky
646,Barbate,ES,2021-04-05 04:53:09,36.1924,-5.9219,60.8,88,0,9.22,clear sky
647,Iberia,US,2021-04-05 04:53:10,29.9502,-91.7507,60.01,88,1,3.44,clear sky
648,Auki,SB,2021-04-05 04:53:10,-8.7676,160.7034,83.93,74,90,2.01,overcast clouds
649,Biggar,GB,2021-04-05 04:53:10,55.6167,-3.5167,30.0,56,71,5.01,broken clouds
650,Nouakchott,MR,2021-04-05 04:50:56,18.0858,-15.9785,77.0,38,24,14.97,few clouds
651,Gatesville,US,2021-04-05 04:53:10,31.4352,-97.7439,61.0,94,1,11.1,clear sky
652,Atid,RO,2021-04-05 04:53:11,46.45,25.05,34.0,86,75,1.54,broken clouds
653,Owatonna,US,2021-04-05 04:53:11,44.0839,-93.226,55.4,71,1,4.61,clear sky
654,Taldan,RU,2021-04-05 04:53:11,53.6667,124.8,35.08,68,93,4.09,light snow
655,Katangli,RU,2021-04-05 04:53:11,51.7102,143.2326,31.96,56,1,7.23,clear sky
656,Cayenne,GF,2021-04-05 04:53:12,4.9333,-52.3333,77.0,94,75,11.3,light rain
657,Bumbuna,SL,2021-04-05 04:53:12,9.05,-11.7333,73.09,95,50,1.81,scattered clouds
658,Pindamonhangaba,BR,2021-04-05 04:53:12,-22.9239,-45.4617,63.0,80,82,2.04,broken clouds
659,Jibuti,DJ,2021-04-05 04:53:13,11.5,42.5,77.0,78,1,7.36,haze
660,Port Hueneme,US,2021-04-05 04:53:13,34.1478,-119.1951,55.99,82,1,8.05,clear sky
661,Vikhorevka,RU,2021-04-05 04:53:13,56.1201,101.1636,37.4,56,100,2.24,overcast clouds
662,Tongliao,CN,2021-04-05 04:53:13,43.6125,122.2653,68.7,8,13,16.51,few clouds
663,Kulu,TR,2021-04-05 04:53:14,39.0951,33.0799,51.89,55,100,21.43,overcast clouds
664,Kikwit,CD,2021-04-05 04:53:14,-5.041,18.8162,69.4,96,99,3.18,overcast clouds
665,Priladozhskiy,RU,2021-04-05 04:53:14,59.85,31.4833,35.01,27,80,16.64,broken clouds
666,Nouadhibou,MR,2021-04-05 04:53:14,20.931,-17.0347,62.6,82,0,13.8,clear sky
667,Sept-Iles,CA,2021-04-05 04:52:07,50.2001,-66.3821,37.4,87,90,10.36,overcast clouds
668,Cumberland,US,2021-04-05 04:53:15,35.0502,-78.8664,59.0,50,1,8.05,clear sky
669,Payson,US,2021-04-05 04:53:15,40.0444,-111.7321,60.01,38,1,5.75,clear sky
670,Monopoli,IT,2021-04-05 04:53:15,40.9559,17.2896,43.0,81,0,6.91,clear sky
671,Terney,RU,2021-04-05 04:53:16,45.0503,136.6092,46.22,42,0,11.32,clear sky
672,Neyshabur,IR,2021-04-05 04:53:16,36.2133,58.7958,50.88,46,0,2.08,clear sky
673,Inirida,CO,2021-04-05 04:53:16,3.8653,-67.9239,73.17,97,100,1.59,overcast clouds
674,Honiara,SB,2021-04-05 04:53:17,-9.4333,159.95,83.34,81,68,1.12,moderate rain
675,Akyab,MM,2021-04-05 04:53:17,20.15,92.9,87.37,50,0,7.29,clear sky
676,Nishihara,JP,2021-04-05 04:53:17,26.1842,127.7558,75.2,60,75,19.57,broken clouds
677,North Mankato,US,2021-04-05 04:53:18,44.1733,-94.0339,59.0,33,1,5.5,clear sky
678,Ciudad Bolivar,VE,2021-04-05 04:53:18,8.1222,-63.5497,77.67,81,100,7.27,overcast clouds
679,Aloleng,PH,2021-04-05 04:53:18,16.1307,119.7824,84.76,64,7,11.21,clear sky
680,Havoysund,NO,2021-04-05 04:53:18,70.9963,24.6622,30.2,93,90,3.44,snow
681,Te Anau,NZ,2021-04-05 04:50:07,-45.4167,167.7167,55.9,62,95,7.23,light rain
682,Lagos,NG,2021-04-05 04:51:21,6.5833,3.75,82.4,89,20,4.97,few clouds
683,Capinopolis,BR,2021-04-05 04:53:19,-18.6819,-49.5697,70.59,54,62,4.83,broken clouds
684,Tianpeng,CN,2021-04-05 04:53:19,30.9866,103.9393,66.0,1,99,5.03,overcast clouds
685,Antu,IN,2021-04-05 04:53:19,26.05,81.9167,97.72,4,12,5.28,few clouds
686,Wuwei,CN,2021-04-05 04:53:19,37.9281,102.6414,63.46,18,4,9.69,clear sky
687,Huilong,CN,2021-04-05 04:53:20,31.8111,121.655,62.01,38,13,10.76,few clouds
688,Lavrentiya,RU,2021-04-05 04:53:20,65.5833,-171.0,-3.1,86,14,3.36,few clouds
689,Kolokani,ML,2021-04-05 04:53:20,13.5728,-8.0339,77.86,9,50,6.26,scattered clouds
690,Srednekolymsk,RU,2021-04-05 04:53:20,67.45,153.6833,14.04,79,28,12.39,scattered clouds
